SnpId,Chr,Pos,Ref_Allele,Alt_Allele,PIP,observed,se,Start,End
rs79001195,chr6,7952170,T,C,0.413033,-0.789729,0.0775327,7951170,7953170
rs12820484,chr12,113397059,T,C,0.990092,-1.28201,0.0903492,113396059,113398059
rs4973369,chr2,231017382,A,G,1,-1.29052,0.0374635,231016382,231018382
rs66895505,chr7,80181624,A,G,0.332931,-0.846731,0.0707854,80180624,80182624
rs60066656,chr2,196850089,G,T,0.0480232,-0.762183,0.0652813,196849089,196851089
rs1509448,chr4,130336788,A,G,0.175734,0.622088,0.049666,130335788,130337788
rs4283305,chr18,42052327,G,A,0.119399,-0.697026,0.149806,42051327,42053327
rs55794577,chr19,34276866,C,T,0.999978,0.482712,0.0642246,34275866,34277866
rs76402227,chr17,78014040,C,T,0.150574,-0.587457,0.106539,78013040,78015040
rs1769796,chr1,231467723,G,A,0.916781,-0.739097,0.0446062,231466723,231468723
rs76915259,chr8,26901552,A,G,0.623148,-1.11317,0.0725931,26900552,26902552
rs41518444,chr4,156378298,C,G,0.333333,-0.862705,0.0558658,156377298,156379298
rs8006991,chr14,69603767,T,C,0.497616,0.626551,0.0684704,69602767,69604767
rs78874699,chr2,182706981,A,T,0.969678,-0.684249,0.0804566,182705981,182707981
rs8020681,chr14,26217966,C,G,0.989473,0.742929,0.0803843,26216966,26218966
rs8091668,chr18,41144638,C,T,0.170441,0.951393,0.0372877,41143638,41145638
rs111833661,chr5,80784636,T,C,0.272921,0.84671,0.0653949,80783636,80785636
rs2347279,chr18,2538546,C,A,0.497799,-1.10151,0.0413399,2537546,2539546
rs62120186,chr2,11521897,C,T,1,1.06061,0.0536864,11520897,11522897
rs71526144,chr8,17650406,G,T,1,-1.21261,0.0612509,17649406,17651406
rs75696239,chr13,82657683,G,C,0.0784269,-0.428559,0.0821736,82656683,82658683
rs4835756,chr5,138055069,G,A,0.0168385,0.603069,0.0528041,138054069,138056069
rs7240819,chr18,66505986,T,C,0.099994,-0.558637,0.0450635,66504986,66506986
rs12993449,chr2,133705597,G,C,0.0458042,0.228361,0.052174,133704597,133706597
rs615468,chr1,84254046,A,G,0.997112,0.724653,0.0561056,84253046,84255046
rs4663188,chr2,235162998,G,A,0.0352588,0.631529,0.0937706,235161998,235163998
rs6827562,chr4,57303535,T,C,0.0116992,-0.997539,0.0747973,57302535,57304535
rs16949039,chr18,48290622,A,G,0.552047,-0.746853,0.0773204,48289622,48291622
rs4607180,chr4,86536483,A,G,0.0313976,0.236456,0.0568215,86535483,86537483
rs4880803,chr10,1251973,G,A,0.522993,1.03437,0.0470709,1250973,1252973
rs11852949,chr15,38220919,T,G,0.499992,-0.977245,0.0483941,38219919,38221919
rs61916712,chr12,30896829,C,T,0.166655,1.59835,0.0563582,30895829,30897829
rs11127161,chr2,21716095,T,C,0.842315,-0.796452,0.0636172,21715095,21717095
rs16862624,chr3,129724135,T,C,0.429319,-0.579515,0.0734222,129723135,129725135
rs2242410,chr5,116771676,T,C,0.188729,-0.614615,0.0580953,116770676,116772676
rs35898529,chr1,209879751,G,A,0.999719,-1.34623,0.0487339,209878751,209880751
rs3116152,chr2,232085437,G,C,0.467867,0.40279,0.0428172,232084437,232086437
rs7146599,chr14,24058463,G,A,1,-0.775445,0.0394774,24057463,24059463
rs6495009,chr15,33283723,G,T,0.231935,-0.911245,0.039635,33282723,33284723
rs77416475,chr8,57088176,T,G,0.0348365,-0.797825,0.0757741,57087176,57089176
rs4720607,chr7,47689824,G,A,0.0361445,1.44641,0.053594,47688824,47690824
rs12733819,chr1,158117959,G,T,0.546942,-0.62459,0.11196,158116959,158118959
rs1610047,chr7,22253098,T,G,0.999175,-0.610998,0.0427356,22252098,22254098
rs10040197,chr5,34538169,C,A,0.105555,-0.491062,0.0635989,34537169,34539169
rs35483136,chr9,7788860,T,C,1,-0.616197,0.0508968,7787860,7789860
rs74593089,chr4,81833856,A,C,0.5,1.83967,0.0667316,81832856,81834856
rs7241130,chr18,61329553,G,A,1,1.04442,0.0400531,61328553,61330553
rs1807692,chr22,20718834,G,A,0.0767176,0.406599,0.045787,20717834,20719834
rs9642393,chr7,55177954,T,C,0.999222,-0.699027,0.0524472,55176954,55178954
rs913830,chr20,16243773,C,T,0.318988,-0.533946,0.0709491,16242773,16244773
rs2667762,chr15,77590075,A,G,1,-1.03148,0.0386468,77589075,77591075
rs6061349,chr20,61760946,T,C,0.302415,-0.611721,0.0769776,61759946,61761946
rs17235632,chr4,172628719,T,C,0.499355,-0.820345,0.0434894,172627719,172629719
rs7711383,chr5,25579276,G,T,1,0.843111,0.0447313,25578276,25580276
rs1188287,chr8,13234097,A,G,0.0890374,-0.462553,0.0470086,13233097,13235097
rs1322739,chr13,106416199,A,T,1,1.11061,0.0497807,106415199,106417199
rs290369,chr15,95210724,C,T,0.0440799,-0.604577,0.0428408,95209724,95211724
rs12237222,chr9,83219828,G,T,0.269916,-0.851195,0.0414971,83218828,83220828
rs56758486,chr1,14732082,G,A,0.245895,-0.848433,0.0705182,14731082,14733082
rs7648449,chr3,69391700,C,T,0.122069,0.696735,0.0672869,69390700,69392700
rs62093923,chr18,59057393,C,T,1,-1.08147,0.0646502,59056393,59058393
rs11019629,chr11,91764491,T,G,0.0784548,1.06415,0.0518131,91763491,91765491
rs4716545,chr7,155403064,G,T,1,1.05395,0.0344579,155402064,155404064
rs10989452,chr9,101242868,C,G,0.229901,-0.764909,0.0863036,101241868,101243868
rs7947487,chr11,34564897,G,A,0.934185,0.63191,0.0444376,34563897,34565897
rs139104223,chr6,167496397,G,T,1,-1.58191,0.162921,167495397,167497397
rs77031868,chr1,211756856,T,C,0.103613,-0.633439,0.0675832,211755856,211757856
rs40565,chr5,56532809,C,T,1,0.951441,0.0482992,56531809,56533809
rs74589243,chr2,181844722,T,C,0.0526128,0.338526,0.0947741,181843722,181845722
rs55685444,chr5,33470746,C,G,1,-0.809995,0.0467165,33469746,33471746
rs76211385,chr12,98699059,A,G,0.0477129,-1.14864,0.0831918,98698059,98700059
rs56411336,chr5,119523474,C,T,0.12175,-0.556428,0.0676712,119522474,119524474
rs3899193,chr3,94461140,G,A,0.580271,-1.14445,0.0702926,94460140,94462140
rs72794132,chr5,151239432,C,T,1,-1.07586,0.0564034,151238432,151240432
rs12089035,chr1,168488497,G,T,0.0205884,-0.490784,0.0658137,168487497,168489497
rs56211642,chr2,5954683,A,G,0.304458,-0.406436,0.072838,5953683,5955683
rs2386878,chr20,24380460,C,T,0.0310415,-0.31726,0.0501769,24379460,24381460
rs55829819,chr12,101777698,T,G,0.370071,-0.992248,0.0642584,101776698,101778698
rs843747,chr2,54274923,T,C,0.119853,-0.391534,0.0847524,54273923,54275923
rs1997633,chr22,27113265,G,T,0.5,-0.855836,0.0563077,27112265,27114265
rs7191283,chr16,483465,C,G,0.429313,-0.623305,0.0638143,482465,484465
rs489591,chr11,94603265,T,C,0.924293,0.906913,0.0395263,94602265,94604265
rs414340,chr17,77489877,C,T,0.0279613,0.32286,0.0438394,77488877,77490877
rs12380047,chr9,83304746,A,G,1,-0.826264,0.0571164,83303746,83305746
rs1441533,chr5,3265732,G,A,0.5,-0.946166,0.0747891,3264732,3266732
rs203132,chr8,93245166,T,G,0.999997,0.68089,0.0506923,93244166,93246166
rs3901873,chr5,123754445,C,A,0.0532649,-0.564507,0.107646,123753445,123755445
rs10145670,chr14,28264641,G,A,0.466612,-0.769634,0.105075,28263641,28265641
rs9912863,chr17,240523,G,T,0.607015,-0.471261,0.0440281,239523,241523
rs962005,chr4,73419850,C,A,0.0901748,0.569667,0.0480827,73418850,73420850
rs28612738,chr4,138911055,A,C,1,-1.09099,0.0322543,138910055,138912055
rs34383594,chr7,80748569,A,T,0.178585,0.53365,0.0451451,80747569,80749569
rs9389237,chr6,134882641,T,C,0.980655,-0.89049,0.0558941,134881641,134883641
rs76729476,chr7,33144515,G,T,0.00303638,-0.894138,0.0635693,33143515,33145515
rs7123404,chr11,658618,C,T,1,-1.14174,0.0873249,657618,659618
rs7701456,chr5,114988284,C,T,0.197046,-0.619851,0.0825009,114987284,114989284
rs4976341,chr5,137155794,T,C,0.0170236,-0.399894,0.0801842,137154794,137156794
rs10270995,chr7,42753646,C,T,0.0996134,-0.81844,0.0480998,42752646,42754646
rs1714053,chr4,35908973,T,C,0.0393701,-0.328258,0.0595221,35907973,35909973
rs11822234,chr11,74674101,C,T,0.516916,0.957438,0.0804257,74673101,74675101
rs72704813,chr14,96146272,G,A,0.263391,-0.919024,0.0561947,96145272,96147272
rs55752284,chr18,36867212,G,A,0.00987785,-1.14777,0.0565171,36866212,36868212
rs62285476,chr3,100096386,T,C,0.790828,1.41834,0.0984319,100095386,100097386
rs17135661,chr6,2744320,A,G,1,-0.767156,0.0502736,2743320,2745320
rs2748089,chr1,228830702,T,G,0.0541018,-0.701811,0.0426116,228829702,228831702
rs1220282,chr5,157366969,A,G,0.0777537,-0.232334,0.0433679,157365969,157367969
rs1452681,chr4,85784511,C,T,0.327952,1.16921,0.0451453,85783511,85785511
rs11152332,chr18,62142272,C,A,0.0842739,-0.8368,0.0420684,62141272,62143272
rs3857217,chr4,98113196,T,C,0.00286721,-0.499904,0.047816,98112196,98114196
rs17089910,chr4,59983858,A,G,0.372199,-0.677203,0.0952107,59982858,59984858
rs34611126,chr14,47286375,A,G,0.999898,-0.403091,0.0492085,47285375,47287375
rs2252678,chr20,61414583,A,G,1,-0.986264,0.038032,61413583,61415583
rs77281116,chr19,53113687,A,G,1,-1.14497,0.0619756,53112687,53114687
rs12933059,chr16,84175443,C,T,0.148573,-0.822917,0.044694,84174443,84176443
rs75004998,chr14,77051443,G,A,0.0777787,0.277018,0.0500109,77050443,77052443
rs6666336,chr1,111254044,G,A,0.135586,0.752618,0.0415626,111253044,111255044
rs639227,chr15,42107556,G,A,0.999999,-0.722841,0.0500142,42106556,42108556
rs78970649,chr2,11099488,G,C,1,-0.740591,0.0590136,11098488,11100488
rs4692990,chr4,93751552,A,G,0.58185,-1.21431,0.0660561,93750552,93752552
rs4505449,chr19,2549742,A,C,0.31021,-0.330339,0.0448564,2548742,2550742
rs10821010,chr9,92729568,A,G,0.0343972,-0.467993,0.049603,92728568,92730568
rs4148286,chr4,69643160,G,A,0.992333,0.686493,0.0602662,69642160,69644160
rs2322292,chr4,165337281,T,C,0.100502,0.237423,0.0518472,165336281,165338281
rs1535010,chr6,52312557,T,C,1,0.588205,0.0504511,52311557,52313557
rs58575791,chr22,50713837,C,G,0.999998,-0.751483,0.0776327,50712837,50714837
rs1887086,chr9,7370565,G,C,1,-0.993377,0.0381809,7369565,7371565
rs66717561,chr10,85510886,G,A,0.0607552,-0.779911,0.0646015,85509886,85511886
rs1178938,chr3,144663747,A,C,0.0946607,0.216943,0.0500256,144662747,144664747
rs56155140,chr4,56958285,G,A,0.408187,-1.11563,0.0495903,56957285,56959285
rs11895262,chr2,190669136,C,T,0.145002,-0.578252,0.0531277,190668136,190670136
rs73301218,chr10,59366569,C,A,0.0350065,0.491407,0.0743015,59365569,59367569
rs68106030,chr2,11355544,C,T,0.182922,-0.571959,0.083314,11354544,11356544
rs11245043,chr10,126561762,T,A,0.72064,-0.28014,0.0448358,126560762,126562762
rs59056131,chr11,23455351,T,C,0.115955,-0.717725,0.0716289,23454351,23456351
rs4459617,chr18,48514925,T,C,0.310773,0.824875,0.0552638,48513925,48515925
rs10505368,chr8,119586021,T,C,0.703696,0.420976,0.0676728,119585021,119587021
rs28729548,chr5,228910,C,T,0.00681262,-0.791665,0.0484355,227910,229910
rs453276,chr17,77489879,T,C,0.0404474,0.325376,0.0438319,77488879,77490879
rs2899472,chr15,51223858,C,A,0.641575,-0.377289,0.0567305,51222858,51224858
rs116265110,chr8,393392,G,A,0.00433306,0.290016,0.0764881,392392,394392
rs10833299,chr11,20343022,C,T,0.983866,-0.907852,0.096139,20342022,20344022
rs72728502,chr14,71468882,C,T,0.997554,-0.489888,0.0578326,71467882,71469882
rs808042,chr5,103916673,T,C,0.0766474,-0.396282,0.0827816,103915673,103917673
rs323608,chr3,152225488,A,G,0.422865,0.584445,0.0507077,152224488,152226488
rs3803037,chr12,77993577,C,T,0.0812834,0.485915,0.0566957,77992577,77994577
rs3849953,chr9,28318643,T,C,0.402396,-0.593492,0.0589425,28317643,28319643
rs3105688,chr16,9970923,G,A,0.999932,0.879526,0.0391371,9969923,9971923
rs12482209,chr21,46244361,G,C,0.333333,0.984835,0.0392505,46243361,46245361
rs508677,chr11,122310825,A,T,0.757173,0.413691,0.0430012,122309825,122311825
rs562850,chr7,105705671,G,A,1,-1.021,0.0479827,105704671,105706671
rs61819312,chr1,221284311,G,C,0.194045,-1.21113,0.0808363,221283311,221285311
rs11675012,chr2,225113847,G,A,0.0218528,0.315258,0.0592875,225112847,225114847
rs76617644,chr2,32927011,T,C,0.588851,-1.36693,0.0677756,32926011,32928011
rs3846120,chr3,13463712,G,T,0.187313,-0.832092,0.0915432,13462712,13464712
rs418907,chr19,18020504,A,G,0.539707,-0.284929,0.0457539,18019504,18021504
rs1428432,chr5,119596217,C,T,0.0883085,0.725106,0.0437677,119595217,119597217
rs13253875,chr8,111486771,T,A,0.849677,-0.688652,0.0729045,111485771,111487771
rs11070457,chr15,45394745,A,C,0.00731101,-0.361246,0.0976886,45393745,45395745
rs10933888,chr3,107028894,G,A,0.0614212,-0.237402,0.0452239,107027894,107029894
rs2097219,chr17,42527989,A,G,0.0606873,0.33894,0.0873872,42526989,42528989
rs11852950,chr15,38220920,T,G,0.499992,-0.977245,0.0483941,38219920,38221920
rs13398473,chr2,105913333,C,T,0.999999,0.724296,0.0511193,105912333,105914333
rs2888054,chr2,212330473,C,T,0.998648,-0.728455,0.0600245,212329473,212331473
rs72744325,chr1,191491974,A,G,0.155633,-0.588821,0.0901832,191490974,191492974
rs10939614,chr4,9924989,T,C,0.238699,-0.503736,0.0498689,9923989,9925989
rs41454245,chr2,191000231,A,C,0.959526,0.885064,0.0749279,190999231,191001231
rs7517259,chr1,212468014,A,G,0.176364,0.864681,0.0459046,212467014,212469014
rs10515756,chr5,157956514,C,T,0.467558,0.770974,0.0450214,157955514,157957514
rs1836741,chr2,211352403,G,A,0.0983145,0.482508,0.0530099,211351403,211353403
rs72785120,chr10,48509536,C,T,0.720813,-0.835219,0.130546,48508536,48510536
rs10047457,chr11,14417913,T,A,0.012016,-0.607964,0.0470166,14416913,14418913
rs10490898,chr10,28569960,C,T,0.0500068,0.847636,0.0507097,28568960,28570960
rs11598523,chr10,44295985,T,A,0.135051,-0.850876,0.133669,44294985,44296985
rs990137,chr5,74521556,G,A,0.196465,1.14792,0.0380684,74520556,74522556
rs28563933,chr1,241990086,T,C,0.536032,-0.356868,0.0542901,241989086,241991086
rs2306942,chr6,129314655,G,A,0.964073,0.943227,0.079954,129313655,129315655
rs7038464,chr9,117323676,T,C,0.5,0.692205,0.0436454,117322676,117324676
rs969069,chr4,35550441,G,T,0.0546988,-0.601235,0.0450168,35549441,35551441
rs6882850,chr5,172486611,G,A,0.118829,0.65939,0.159192,172485611,172487611
rs11666579,chr19,17479472,G,T,0.999999,-0.79661,0.0419925,17478472,17480472
rs1153949,chr1,223772257,G,A,0.105392,-0.507042,0.0708281,223771257,223773257
rs16954067,chr16,47247842,C,T,0.705248,-0.845148,0.0853114,47246842,47248842
rs72781724,chr5,87122271,A,G,0.251029,-0.958051,0.0549255,87121271,87123271
rs72835163,chr5,147733425,C,T,0.292722,-0.400252,0.0667534,147732425,147734425
rs9639908,chr7,45086565,T,C,0.220573,0.37063,0.0434963,45085565,45087565
rs17012913,chr2,33379065,C,A,0.269782,-1.25561,0.0930697,33378065,33380065
rs706673,chr5,65901868,T,A,0.0705825,-0.262798,0.04602,65900868,65902868
rs1062850,chr8,86558437,A,C,0.15042,0.27168,0.046207,86557437,86559437
rs4076,chr4,73419835,A,G,0.0901748,0.569667,0.0480827,73418835,73420835
rs12087960,chr1,168488236,G,T,0.0205884,-0.490784,0.0658137,168487236,168489236
rs62019693,chr15,87455143,C,T,0.00890785,-0.240587,0.053017,87454143,87456143
rs9807471,chr18,25058684,G,A,0.499436,0.644028,0.0586992,25057684,25059684
rs1460154,chr4,136740585,G,A,0.0335702,-0.44304,0.0503397,136739585,136741585
rs895574,chr2,237980332,T,C,0.991473,-0.700213,0.0413338,237979332,237981332
rs116059019,chr1,207399097,G,A,0.131124,0.797741,0.201934,207398097,207400097
rs4526065,chr5,68715103,C,G,1,0.557113,0.0474888,68714103,68716103
rs4724611,chr7,47689775,C,T,0.0312056,1.44766,0.0536532,47688775,47690775
rs12717335,chr14,21902956,A,G,0.0471548,-0.846123,0.0383593,21901956,21903956
rs72710307,chr4,169345590,T,C,1,-1.30548,0.0585216,169344590,169346590
rs3133807,chr8,103396257,G,A,0.117319,0.815909,0.0746702,103395257,103397257
rs617842,chr15,57736127,A,T,1,-1.02768,0.040145,57735127,57737127
rs74928751,chr14,77543049,C,T,0.101688,-0.456009,0.0879117,77542049,77544049
rs2029557,chr4,44738809,C,T,0.0218811,-0.589107,0.0442646,44737809,44739809
rs1684260,chr11,49202679,G,A,0.0322884,-0.194647,0.05128,49201679,49203679
rs4803829,chr19,38173457,C,T,0.499969,0.775231,0.0690594,38172457,38174457
rs10031179,chr4,137648880,T,A,0.300107,-0.345784,0.0546104,137647880,137649880
rs4570770,chr14,88408836,A,G,0.0997809,-0.245165,0.0489728,88407836,88409836
rs2092109,chr20,45429940,A,G,0.306319,0.204806,0.0472515,45428940,45430940
rs55800514,chr13,99831988,T,C,0.94957,-0.606054,0.0919895,99830988,99832988
rs10948707,chr6,52643324,C,A,0.694197,-0.501859,0.0459263,52642324,52644324
rs78016437,chr13,79573267,A,G,0.0232756,-0.822687,0.0842112,79572267,79574267
rs79574156,chr1,228842252,C,T,0.245527,1.1533,0.0984441,228841252,228843252
rs4857866,chr3,128100219,G,C,0.332232,0.964748,0.0456504,128099219,128101219
rs4797754,chr18,13252863,C,G,0.234562,0.620177,0.0506051,13251863,13253863
rs11684707,chr2,127003530,A,G,0.0239449,-0.208536,0.0441739,127002530,127004530
rs17450835,chr8,117893472,A,G,0.0293269,0.321447,0.0615297,117892472,117894472
rs1283224,chr13,100650462,G,A,0.0190718,0.353815,0.0457433,100649462,100651462
rs7046853,chr9,129885806,T,C,0.00182763,0.412337,0.107248,129884806,129886806
rs10935032,chr3,132840332,G,C,1,-1.03033,0.0394696,132839332,132841332
rs72901103,chr18,40199240,C,T,0.073771,1.23435,0.0728483,40198240,40200240
rs11041474,chr11,7600636,G,T,0.249938,1.25042,0.0825463,7599636,7601636
rs9346022,chr6,67446343,G,T,0.0355056,-0.246704,0.0456407,67445343,67447343
rs9807803,chr18,29874898,G,A,0.00197832,-0.139559,0.0503158,29873898,29875898
rs1023929,chr2,207893134,C,G,0.79421,-0.439475,0.0513314,207892134,207894134
rs7985441,chr13,111241066,C,T,0.191872,-0.837333,0.0728766,111240066,111242066
rs76151840,chr2,168355315,C,T,0.499999,1.54713,0.0668808,168354315,168356315
rs113330537,chr11,22797185,T,C,0.0462872,0.266735,0.0659339,22796185,22798185
rs73840280,chr4,87620643,T,C,0.0542173,-0.821301,0.0672961,87619643,87621643
rs4729566,chr7,100016690,G,A,0.333,0.515521,0.0495253,100015690,100017690
rs4774283,chr15,57821923,T,G,0.515679,0.276022,0.0503815,57820923,57822923
rs12111787,chr7,37505037,A,T,0.123423,1.15166,0.0671251,37504037,37506037
rs2640503,chr1,110634783,G,A,1,-0.695408,0.0830374,110633783,110635783
rs4815298,chr20,2539461,A,G,0.0868062,-0.914479,0.0404086,2538461,2540461
rs4357967,chr17,76598290,T,C,0.090995,-0.351124,0.0688422,76597290,76599290
rs6505362,chr17,33596989,C,T,0.999999,-0.56176,0.0710701,33595989,33597989
rs28779191,chr8,121502770,A,G,0.999957,-0.550725,0.0500588,121501770,121503770
rs1536046,chr13,111177311,A,C,0.367453,-0.874541,0.186477,111176311,111178311
rs12055294,chr5,97242396,T,A,0.00359541,0.144685,0.0486489,97241396,97243396
rs62310222,chr4,56545012,C,T,0.757111,-1.43518,0.0682558,56544012,56546012
rs12737523,chr1,81739053,G,T,0.216994,1.51083,0.069522,81738053,81740053
rs2064604,chr6,107603110,A,T,0.995419,-0.279864,0.0535271,107602110,107604110
rs4780361,chr16,9365450,C,A,0.499271,0.366696,0.0587214,9364450,9366450
rs703216,chr13,32165847,A,C,0.360748,-1.04921,0.0460333,32164847,32166847
rs2364261,chr2,84218737,G,A,0.117474,-0.87638,0.0471795,84217737,84219737
rs13339342,chr16,81185582,C,T,0.222143,-0.558979,0.0569785,81184582,81186582
rs891134,chr16,77359175,C,G,0.692096,-0.897845,0.0445681,77358175,77360175
rs7852362,chr9,6955480,A,C,0.459981,-0.832444,0.0456216,6954480,6956480
rs13014071,chr2,152469486,C,T,0.185897,-0.34873,0.079279,152468486,152470486
rs1420139,chr7,29507624,G,C,0.243066,-0.270263,0.0561884,29506624,29508624
rs12212105,chr6,20816306,A,G,0.0325454,-0.325563,0.0736851,20815306,20817306
rs11614470,chr12,54941806,C,A,0.999891,-0.84096,0.0641274,54940806,54942806
rs76976399,chr9,12162336,G,A,0.940793,1.17427,0.0603965,12161336,12163336
rs12220969,chr10,120729621,G,A,0.841534,0.367629,0.0534816,120728621,120730621
rs4961640,chr9,18346980,T,A,0.25672,1.16837,0.0390374,18345980,18347980
rs2981798,chr10,122571913,T,C,0.00507059,-0.294292,0.0484167,122570913,122572913
rs11707697,chr3,2321385,C,T,0.0379582,-0.473705,0.0709718,2320385,2322385
rs4936001,chr11,126866068,G,A,0.0166159,0.418876,0.0611902,126865068,126867068
rs12636276,chr3,106965616,G,T,0.0103524,-0.445977,0.0614134,106964616,106966616
rs1886967,chr13,46524513,A,T,0.0411386,0.917493,0.0667105,46523513,46525513
rs12802219,chr11,107756718,C,T,1,-0.975947,0.0670192,107755718,107757718
rs1981172,chr13,38008811,C,T,0.250576,-0.367141,0.049273,38007811,38009811
rs695916,chr12,77608494,A,G,0.295326,-0.522313,0.0446345,77607494,77609494
rs2412011,chr2,239735334,C,A,0.84651,-0.836808,0.0595633,239734334,239736334
rs7981495,chr13,31174404,A,G,0.00169439,0.114562,0.0440453,31173404,31175404
rs7709046,chr5,22158481,C,T,0.0282952,-0.628591,0.0879106,22157481,22159481
rs77121533,chr1,22038334,G,T,0.184383,0.290525,0.0578417,22037334,22039334
rs1321257,chr1,230169566,G,A,0.0948124,0.168961,0.0422352,230168566,230170566
rs56342926,chr5,149583610,C,T,0.0257443,-0.212838,0.0563241,149582610,149584610
rs74115089,chr10,628594,C,T,0.167246,-0.751801,0.0742296,627594,629594
rs17388474,chr10,96369301,A,G,0.994651,0.385424,0.0634236,96368301,96370301
rs1393193,chr3,117540090,G,A,0.189012,-0.256295,0.0456119,117539090,117541090
rs6097780,chr20,54133589,G,A,0.0561409,-0.347842,0.057955,54132589,54134589
rs1479025,chr12,77925605,T,G,0.0279735,-0.328894,0.0693017,77924605,77926605
rs34698224,chr1,164983207,G,A,0.249937,-1.21443,0.0466074,164982207,164984207
rs7227636,chr18,58057362,A,G,0.0858356,0.362008,0.0802324,58056362,58058362
rs6945690,chr7,3722691,G,C,0.0700187,-0.607342,0.0563268,3721691,3723691
rs12458631,chr18,42193016,C,G,0.160202,0.389497,0.0543549,42192016,42194016
rs1497027,chr9,73548438,A,G,0.0293144,-0.641833,0.0667192,73547438,73549438
rs8086293,chr18,79373147,G,A,0.153793,-0.701894,0.0863067,79372147,79374147
rs3928886,chr1,241459273,A,G,1,0.981385,0.0371221,241458273,241460273
rs2847331,chr18,686662,C,T,0.0654681,0.285439,0.0622518,685662,687662
rs4351184,chr5,85267480,G,A,0.357739,1.42787,0.0728222,85266480,85268480
rs6777239,chr3,171830114,G,A,0.744312,-0.607052,0.0526567,171829114,171831114
rs4800751,chr18,26639697,A,T,0.43826,-0.43863,0.0866553,26638697,26640697
rs9999275,chr4,38308945,C,T,1,0.689616,0.0531749,38307945,38309945
rs2439896,chr10,6779574,G,T,0.998958,-0.509184,0.0530093,6778574,6780574
rs17145316,chr7,21767453,C,T,0.01621,0.380034,0.0896551,21766453,21768453
rs4876950,chr9,89675139,T,C,1,-0.945861,0.0418512,89674139,89676139
rs4319098,chr8,9630153,G,A,0.379536,-0.357696,0.0716315,9629153,9631153
rs831760,chr1,201185102,C,G,0.0677601,-0.876243,0.0701278,201184102,201186102
rs34119510,chr2,30417407,G,A,0.928646,-0.728226,0.0443894,30416407,30418407
rs61929902,chr12,83122074,C,T,1,-0.973388,0.0872641,83121074,83123074
rs16889948,chr5,59540517,T,A,1,0.685578,0.0605379,59539517,59541517
rs11112153,chr12,104669144,T,C,1,-0.911025,0.0666809,104668144,104670144
rs35494545,chr7,117855337,G,A,0.29504,-0.371106,0.0669361,117854337,117856337
rs727969,chr7,51186665,G,A,1,-0.865527,0.0829437,51185665,51187665
rs9836257,chr3,128584640,C,T,0.155192,-0.495886,0.050842,128583640,128585640
rs1564200,chr19,34594967,C,T,0.211719,-0.22605,0.0484144,34593967,34595967
rs79980022,chr13,79573265,C,T,0.0232756,-0.822687,0.0842112,79572265,79574265
rs1992025,chr7,15508325,A,C,0.931042,-0.688714,0.0537145,15507325,15509325
rs8047853,chr16,50480586,G,A,0.975033,-0.218986,0.0448391,50479586,50481586
rs33225,chr12,30882986,G,A,0.00606999,-0.320904,0.0589172,30881986,30883986
rs853311,chr8,132891982,C,T,0.0933552,-0.266662,0.0483506,132890982,132892982
rs16866523,chr2,225114597,A,G,0.0218528,0.315258,0.0592875,225113597,225115597
rs10967235,chr9,26210559,A,C,0.999998,0.645033,0.0434707,26209559,26211559
rs6691256,chr1,111254005,C,A,0.135586,0.752618,0.0415626,111253005,111255005
rs9328100,chr6,2480430,G,T,0.0540907,-1.0273,0.0374172,2479430,2481430
rs3746988,chr21,45556197,C,T,0.759615,-0.982094,0.0380853,45555197,45557197
rs34187097,chr10,69494765,C,T,0.976912,0.376893,0.0720899,69493765,69495765
rs10897275,chr11,62436393,G,A,0.403827,0.640063,0.0475988,62435393,62437393
rs75810319,chr1,20480580,G,T,1,-1.65302,0.0745489,20479580,20481580
rs13299948,chr9,76996727,G,A,0.0384827,-0.272841,0.0605798,76995727,76997727
rs800453,chr4,24816887,C,T,0.458384,-0.927661,0.0402645,24815887,24817887
rs4961639,chr9,18346876,G,A,0.486561,1.16866,0.0390143,18345876,18347876
rs6688248,chr1,150895806,A,T,0.838415,1.34552,0.0712073,150894806,150896806
rs10135219,chr14,28264637,A,C,0.466612,-0.769634,0.105075,28263637,28265637
rs12723409,chr1,89528611,T,G,0.0954427,-0.742478,0.0553031,89527611,89529611
rs62240252,chr3,60146236,C,A,0.497181,-0.874452,0.092667,60145236,60147236
rs10502974,chr18,53411491,C,A,0.00934448,0.338235,0.0440924,53410491,53412491
rs7004133,chr8,140142364,T,C,0.706973,0.602312,0.0430658,140141364,140143364
rs73412284,chr7,106050312,A,T,0.999992,1.34444,0.0624487,106049312,106051312
rs77448842,chr21,40386495,C,T,0.177753,-0.696046,0.0976693,40385495,40387495
rs28416315,chr4,86720906,C,T,0.0180038,-0.955919,0.0777217,86719906,86721906
rs35649907,chr7,128432560,G,A,0.0832275,-0.422849,0.04504,128431560,128433560
rs381642,chr5,72541682,C,T,0.0123463,0.759416,0.0505793,72540682,72542682
rs17832497,chr14,55874816,A,G,0.252406,-0.296612,0.050514,55873816,55875816
rs1836742,chr2,211352206,T,C,0.882334,0.496468,0.0529208,211351206,211353206
rs1320965,chr1,169145397,T,A,0.0147425,0.310776,0.0475549,169144397,169146397
rs3945233,chr1,86419456,C,G,0.0666942,0.2672,0.0545763,86418456,86420456
rs34699546,chr11,75554629,C,G,0.998959,-1.20414,0.0539376,75553629,75555629
rs6804667,chr3,71708864,A,C,1,1.08759,0.0378367,71707864,71709864
rs11603577,chr11,112523743,C,T,1,0.916524,0.0424177,112522743,112524743
rs17756731,chr8,1899941,G,A,1,-1.06287,0.0761171,1898941,1900941
rs1190903,chr14,100630077,C,T,0.499367,-0.564906,0.0514156,100629077,100631077
rs1805081,chr18,23560468,T,C,0.00497317,-0.176703,0.0507354,23559468,23561468
rs7736454,chr5,142674814,A,G,0.0195215,0.288453,0.0475486,142673814,142675814
rs7833567,chr8,135584189,T,G,0.242179,-1.02559,0.0878379,135583189,135585189
rs4454196,chr7,31967991,C,T,0.0169737,-0.342203,0.0665269,31966991,31968991
rs7302492,chr12,3125727,T,G,0.386866,-0.317257,0.0495045,3124727,3126727
rs1330920,chr9,27378303,A,G,0.99997,-0.344939,0.0528295,27377303,27379303
rs2124086,chr8,97929374,A,C,0.132026,0.564414,0.0466078,97928374,97930374
rs7144530,chr14,65373848,A,G,0.00700065,-0.536076,0.0963994,65372848,65374848
rs1988608,chr1,169550311,G,A,0.0336348,0.261513,0.0554881,169549311,169551311
rs118186328,chr18,26441739,C,T,0.0836764,-1.03061,0.0949941,26440739,26442739
rs692980,chr12,78102951,T,C,0.0675214,-1.12109,0.0514457,78101951,78103951
rs73354635,chr12,81331842,G,A,0.0193648,0.353272,0.0502362,81330842,81332842
rs10437608,chr11,20364060,G,A,0.682706,0.764598,0.0712691,20363060,20365060
rs3805520,chr5,31410364,A,G,0.360826,0.953195,0.066185,31409364,31411364
rs55801843,chr4,41930691,C,T,0.211133,-0.329786,0.0575658,41929691,41931691
rs4702318,chr5,6216838,A,G,0.10246,-1.0236,0.040685,6215838,6217838
rs7863604,chr9,78130175,G,C,0.270096,-0.774606,0.0613434,78129175,78131175
rs2103861,chr22,27581994,A,T,0.224186,-0.405183,0.0458822,27580994,27582994
rs62137002,chr2,48341726,G,A,0.161129,-0.501479,0.0477486,48340726,48342726
rs3791444,chr2,239121930,T,C,0.749441,0.771672,0.059806,239120930,239122930
rs2916226,chr1,153325240,A,G,0.03505,-0.56341,0.0451871,153324240,153326240
rs13143724,chr4,176370673,A,G,0.999994,0.771397,0.0701618,176369673,176371673
rs713074,chr1,209590628,A,G,0.0769682,-0.722194,0.0429012,209589628,209591628
rs2744078,chr10,42866841,C,T,0.767339,-0.587798,0.0553623,42865841,42867841
rs759329,chr1,156261145,A,G,0.221157,-0.865095,0.0372877,156260145,156262145
rs146245919,chr14,73787102,C,G,0.00095124,0.362941,0.177691,73786102,73788102
rs4880908,chr10,1667609,C,T,0.0719748,-0.477881,0.0521254,1666609,1668609
rs62468581,chr7,78530591,C,T,0.128386,-0.791143,0.0960307,78529591,78531591
rs4713903,chr6,35650044,C,A,0.0159602,0.193615,0.0583671,35649044,35651044
rs2964124,chr5,8333600,C,T,0.217287,-0.620114,0.0500292,8332600,8334600
rs55951265,chr14,49868395,C,G,0.0914436,0.553829,0.0661768,49867395,49869395
rs880812,chr11,117583442,C,G,0.185766,0.474914,0.0441813,117582442,117584442
rs8101689,chr19,29694790,G,A,0.86082,0.471973,0.0540825,29693790,29695790
rs940347,chr7,38070823,A,G,0.0567687,0.46981,0.0456828,38069823,38071823
rs55764247,chr3,100538667,C,G,0.0845933,-0.731136,0.0432779,100537667,100539667
rs706672,chr5,65901751,G,A,0.0189028,-0.250585,0.0461265,65900751,65902751
rs7115745,chr11,22779006,C,T,0.896664,-0.440342,0.0484086,22778006,22780006
rs7028514,chr9,19702070,T,C,0.0485992,-0.225988,0.0490606,19701070,19703070
rs35185,chr16,65001812,C,A,0.0627892,-0.276595,0.0510499,65000812,65002812
rs10238084,chr7,79426006,C,T,0.14947,0.323746,0.0551396,79425006,79427006
rs798974,chr13,32164928,C,A,0.370258,0.315228,0.0543038,32163928,32165928
rs4537271,chr8,38182985,A,G,0.0124482,0.221032,0.0571044,38181985,38183985
rs355518,chr4,67500620,C,G,0.02697,-0.293904,0.0480756,67499620,67501620
rs10797343,chr1,3827984,A,G,0.0267457,-0.356328,0.0775929,3826984,3828984
rs10893380,chr11,125441778,A,G,0.04044,0.649435,0.0665251,125440778,125442778
rs56248035,chr12,109617598,C,T,1,-0.607034,0.0594613,109616598,109618598
rs865907,chr1,230508340,G,A,0.442676,-0.185852,0.0433566,230507340,230509340
rs59995229,chr2,191869309,A,G,0.280653,0.411684,0.0749302,191868309,191870309
rs12790269,chr11,131278818,G,A,0.989696,0.741532,0.0419745,131277818,131279818
rs12245750,chr10,85928517,A,T,1,0.556425,0.0546851,85927517,85929517
rs3790974,chr1,230773202,T,G,0.170967,-0.402576,0.0500234,230772202,230774202
rs35271178,chr11,17389473,C,T,0.193684,-0.239478,0.0462326,17388473,17390473
rs2324509,chr11,131599617,C,T,0.0224172,0.168281,0.0444457,131598617,131600617
rs1936560,chr10,36346130,G,T,0.999442,0.510703,0.0488416,36345130,36347130
rs11082994,chr18,53411766,T,C,0.00934448,0.338235,0.0440924,53410766,53412766
rs76973578,chr12,44780424,A,T,0.247227,-0.654641,0.0812778,44779424,44781424
rs77159226,chr3,156341500,C,T,0.0609599,-0.367849,0.0713389,156340500,156342500
rs11511611,chr10,45298933,T,G,0.0714281,-1.01621,0.0534359,45297933,45299933
rs28379571,chr16,78235265,G,C,0.538215,0.381901,0.0680193,78234265,78236265
rs382418,chr16,64934164,T,C,0.00876355,0.195873,0.0479469,64933164,64935164
rs61899057,chr11,126655401,C,T,0.919523,-0.415871,0.0842895,126654401,126656401
rs2823207,chr21,15290685,C,T,0.937497,-0.649613,0.133451,15289685,15291685
rs2192169,chr18,14026536,G,A,0.999824,-0.606574,0.0548108,14025536,14027536
rs10122186,chr9,7910640,G,C,0.999989,0.497717,0.0504576,7909640,7911640
rs12235009,chr8,28633901,C,T,0.31394,-0.831221,0.047898,28632901,28634901
rs11691222,chr2,207353339,T,C,0.107605,0.331803,0.0469584,207352339,207354339
rs240492,chr21,16402983,T,C,0.46741,-0.633832,0.0490588,16401983,16403983
rs34837397,chr4,161581565,G,T,0.999793,-0.382216,0.0627904,161580565,161582565
rs6913489,chr6,111524370,A,C,0.0499012,0.284365,0.0653389,111523370,111525370
rs6550701,chr3,22582670,G,T,0.111277,-0.332437,0.0677383,22581670,22583670
rs66625173,chr3,85535941,A,G,0.00336605,0.441887,0.0487462,85534941,85536941
rs484467,chr5,80926753,A,T,0.15048,0.379886,0.0820656,80925753,80927753
rs2425311,chr20,36822185,T,C,0.146239,0.702541,0.0769121,36821185,36823185
rs13295012,chr9,106324771,C,A,0.0912491,-1.0491,0.0591221,106323771,106325771
rs912474,chr10,100878829,A,G,0.337411,0.452848,0.05501,100877829,100879829
rs28498341,chr15,65312834,C,A,0.342558,-0.613304,0.0668012,65311834,65313834
rs2322841,chr6,80553271,G,T,0.00323911,-0.140458,0.0454289,80552271,80554271
rs71524083,chr7,6827387,C,T,0.011905,-0.277013,0.0666512,6826387,6828387
rs72656240,chr1,33169783,A,G,0.0102062,0.266398,0.0568825,33168783,33170783
rs12893031,chr14,24806444,C,A,0.265721,0.365013,0.0462436,24805444,24807444
rs3906400,chr5,62142577,G,T,0.111494,0.347819,0.0492918,62141577,62143577
rs10739375,chr9,112853374,T,C,0.0407341,-0.400567,0.0593407,112852374,112854374
rs116713089,chr2,33134498,G,A,0.456092,-0.490871,0.101641,33133498,33135498
rs2663957,chr12,62803216,A,G,0.334651,0.4604,0.0510219,62802216,62804216
rs2527027,chr7,45217639,G,A,0.0946547,-0.573111,0.0491911,45216639,45218639
rs9621435,chr22,32378957,T,C,0.234415,-0.586353,0.0753888,32377957,32379957
rs11160139,chr14,93744326,C,A,0.0780624,0.845371,0.120602,93743326,93745326
rs9896523,chr17,80278055,C,G,0.208246,-0.778139,0.0803214,80277055,80279055
rs3816037,chr19,41412104,C,T,0.0959961,0.482686,0.0456728,41411104,41413104
rs56024270,chr4,41930543,A,G,0.0536352,-0.277324,0.0603722,41929543,41931543
rs73453724,chr9,77810926,G,A,0.569224,0.453616,0.0725127,77809926,77811926
rs6990544,chr8,103125090,C,T,1,-0.986694,0.0376174,103124090,103126090
rs10246069,chr7,791734,C,T,0.224313,-0.451738,0.0566983,790734,792734
rs8005834,chr14,24036513,C,G,0.13208,0.266927,0.0468716,24035513,24037513
rs16859134,chr3,129399740,T,C,0.457664,-0.408095,0.0667056,129398740,129400740
rs4147103,chr1,30783058,T,C,1,0.531647,0.0488711,30782058,30784058
rs7826632,chr8,13655257,C,T,0.0858978,0.592907,0.0425437,13654257,13656257
rs2724962,chr8,4662424,G,A,0.111161,0.228791,0.0503992,4661424,4663424
rs6985167,chr8,76762068,A,G,0.103336,-0.244898,0.0466008,76761068,76763068
rs6793379,chr3,183479923,T,G,0.758353,-0.433412,0.0446512,183478923,183480923
rs747694,chr6,33768713,A,G,0.00461058,0.157555,0.0464618,33767713,33769713
rs35710092,chr1,69707397,T,C,0.11753,-0.940155,0.0777663,69706397,69708397
rs6474422,chr8,42850559,T,C,1,-0.825877,0.0464949,42849559,42851559
rs1570601,chr13,100893191,G,A,0.319483,1.08084,0.0520648,100892191,100894191
rs1047115,chr3,186640577,A,C,0.999998,-0.554215,0.0670798,186639577,186641577
rs6495008,chr15,33283667,A,C,0.231935,-0.911245,0.039635,33282667,33284667
rs150835,chr6,53023340,C,T,0.0626067,0.379213,0.0853974,53022340,53024340
rs7732085,chr5,154334202,A,G,0.499982,0.435093,0.0455787,154333202,154335202
rs73105819,chr12,47727190,C,T,0.0369199,-0.627732,0.0832825,47726190,47728190
rs4724612,chr7,47689874,C,T,0.0312056,1.44766,0.0536532,47688874,47690874
rs3903005,chr12,12010749,C,G,0.988299,0.799914,0.0664144,12009749,12011749
rs880695,chr17,78251077,T,C,0.630337,0.370994,0.053138,78250077,78252077
rs2797347,chr9,121640293,T,C,0.222706,-0.45036,0.0476651,121639293,121641293
rs28744517,chr14,103572081,T,G,0.105068,-0.196497,0.047068,103571081,103573081
rs818515,chr1,84753686,A,T,0.289936,-0.394059,0.0847111,84752686,84754686
rs28672874,chr19,45927891,C,G,0.293817,-0.53161,0.124074,45926891,45928891
rs11926762,chr3,1079938,C,T,0.155336,0.625487,0.0589356,1078938,1080938
rs9643203,chr8,124694056,A,C,0.0394384,-0.346527,0.0457629,124693056,124695056
rs4935735,chr10,50603945,C,T,0.0210722,-0.203983,0.0505533,50602945,50604945
rs4745683,chr9,77977603,C,T,0.0301615,-0.338582,0.055882,77976603,77978603
rs936266,chr3,108406767,C,T,1,-1.27036,0.0404412,108405767,108407767
rs17625724,chr2,66541843,G,A,0.0631664,0.628622,0.0510556,66540843,66542843
rs2786942,chr13,100650569,G,T,0.0216622,0.354843,0.0457619,100649569,100651569
rs2580797,chr7,45217634,A,T,0.0946547,-0.573111,0.0491911,45216634,45218634
rs1644647,chr19,36973405,G,A,0.0239079,-0.474283,0.093108,36972405,36974405
rs12667877,chr7,146865919,G,T,0.211308,-0.738919,0.0776431,146864919,146866919
rs56906405,chr3,171174018,A,G,0.413491,-0.351823,0.0654529,171173018,171175018
rs12129731,chr1,98222135,C,T,0.0214909,-0.463781,0.0525161,98221135,98223135
rs2819866,chr6,45476521,A,G,0.332593,-1.09175,0.0395922,45475521,45477521
rs7109000,chr11,112564610,A,C,0.327892,0.329127,0.0480833,112563610,112565610
rs3788611,chr22,44729877,G,A,0.636885,-0.373052,0.0635807,44728877,44730877
rs28513939,chr9,734854,C,G,0.199978,-0.667861,0.0655702,733854,735854
rs628563,chr1,194102788,G,A,0.0114568,-0.400929,0.0448945,194101788,194103788
rs1350218,chr5,29635656,A,G,0.00777549,-0.281898,0.0817279,29634656,29636656
rs10901214,chr9,132800287,T,C,0.999822,0.491253,0.0764124,132799287,132801287
rs7983250,chr13,20470498,G,A,0.404123,0.217698,0.0451799,20469498,20471498
rs965661,chr8,102585358,C,T,0.0963093,-0.424517,0.0554399,102584358,102586358
rs1251490,chr1,76053008,T,C,0.391576,0.341965,0.0436636,76052008,76054008
rs73429745,chr6,44133685,C,T,0.0624413,-0.412227,0.0474191,44132685,44134685
rs10831741,chr11,12139904,C,G,1,0.707118,0.0429301,12138904,12140904
rs2058316,chr10,32125226,C,A,0.192695,-0.793007,0.055295,32124226,32126226
rs17721241,chr14,90733600,C,A,0.871016,-0.643157,0.0552129,90732600,90734600
rs3176441,chr1,177229862,T,C,0.272814,-0.424127,0.0566395,177228862,177230862
rs12523615,chr5,61675224,A,G,0.999997,-0.812447,0.0586249,61674224,61676224
rs2371183,chr3,40292756,T,C,0.990601,-0.523804,0.0486233,40291756,40293756
rs8058799,chr16,75070231,T,C,0.111818,-0.347662,0.0474177,75069231,75071231
rs782807,chr1,203038484,G,T,0.984702,-0.309005,0.0526835,203037484,203039484
rs10094443,chr8,104034193,T,C,0.0289556,-0.396926,0.0953127,104033193,104035193
rs576888,chr1,84387928,A,C,0.333154,0.839992,0.0503504,84386928,84388928
rs66888949,chr2,78304920,C,A,0.350964,-0.761004,0.0868061,78303920,78305920
rs1863361,chr8,41512265,T,C,0.329742,-1.25742,0.0541379,41511265,41513265
rs2097719,chr17,31500411,G,A,0.998276,0.525684,0.0510034,31499411,31501411
rs8119515,chr20,50028150,T,A,0.0171373,-0.313238,0.0492094,50027150,50029150
rs5024631,chr13,105145617,C,G,0.0247382,-0.282873,0.0547015,105144617,105146617
rs8185,chr14,74942086,T,C,0.995206,0.430373,0.0576326,74941086,74943086
rs76427274,chr18,7460237,C,T,0.0454809,-0.413649,0.0947902,7459237,7461237
rs1442586,chr3,137821605,C,T,0.0797639,0.249806,0.0551907,137820605,137822605
rs76513968,chr18,27500721,A,G,0.0284023,-1.4691,0.0672409,27499721,27501721
rs565708,chr1,100035359,C,A,0.0432028,-0.636664,0.0898045,100034359,100036359
rs6657856,chr1,111254182,T,G,0.0581832,0.751865,0.0416475,111253182,111255182
rs12624452,chr20,38926138,G,T,0.0686427,-0.589953,0.0608096,38925138,38927138
rs17099455,chr14,23953798,G,A,0.00580158,-0.399396,0.114709,23952798,23954798
rs7236480,chr18,61842474,G,A,0.817569,-0.436617,0.0424998,61841474,61843474
rs11907739,chr20,61875753,A,G,1,0.777504,0.0548862,61874753,61876753
rs9583545,chr13,110888152,C,T,0.150253,0.65316,0.0481496,110887152,110889152
rs41746,chr7,116803020,A,T,0.0856757,-0.651427,0.0446119,116802020,116804020
rs7952013,chr11,36431518,T,C,0.101835,-0.649631,0.0524338,36430518,36432518
rs79803693,chr3,143508460,G,A,0.194957,-0.453532,0.11246,143507460,143509460
rs12519940,chr5,134568907,C,T,0.120274,-0.25813,0.0483979,134567907,134569907
rs9972790,chr16,79165671,G,C,0.00502149,-0.160837,0.0461582,79164671,79166671
rs11650022,chr17,47295776,G,A,0.0248116,-0.307802,0.0660064,47294776,47296776
rs78920928,chr1,201450929,A,G,0.0971891,-0.459824,0.0955133,201449929,201451929
rs11748201,chr5,109485150,C,T,0.494314,-0.551728,0.0750917,109484150,109486150
rs11746858,chr5,170982142,C,T,0.00377233,0.223412,0.0466713,170981142,170983142
rs78611945,chr19,51354786,C,T,0.587634,-0.426122,0.0960384,51353786,51355786
rs2723462,chr7,13457932,C,A,0.0271013,-0.553458,0.0639205,13456932,13458932
rs3130980,chr6,31114627,C,T,0.0110803,0.567901,0.0891874,31113627,31115627
rs1486709,chr11,24846789,C,T,0.00912252,-0.479017,0.0583663,24845789,24847789
rs4900192,chr14,93717077,C,G,0.999781,-0.800936,0.0464845,93716077,93718077
rs1540095,chr12,52321579,C,T,0.0969831,0.653415,0.0449632,52320579,52322579
rs11702360,chr21,17689479,C,T,0.53449,0.612451,0.0592251,17688479,17690479
rs16857372,chr2,217356902,G,C,0.55648,-0.321967,0.0672735,217355902,217357902
rs9297987,chr8,58257987,G,A,0.321312,-0.422618,0.0448791,58256987,58258987
rs3098257,chr8,103396329,C,T,0.0670808,0.809986,0.0745395,103395329,103397329
rs945605,chr10,31143581,A,G,0.0114722,-0.291672,0.0798371,31142581,31144581
rs10514813,chr2,114800558,G,C,0.896279,-0.701692,0.048797,114799558,114801558
rs1524068,chr7,38071024,T,C,0.0567687,0.46981,0.0456828,38070024,38072024
rs76440086,chr9,109665909,C,T,0.112768,-0.666836,0.0797352,109664909,109666909
rs17102126,chr14,34031169,A,G,0.0775201,-0.384621,0.0683842,34030169,34032169
rs12712986,chr2,47046529,G,A,0.393806,-0.353358,0.0535089,47045529,47047529
rs6988942,chr8,131111334,C,A,0.29934,-0.603317,0.0851584,131110334,131112334
rs3825719,chr14,71586380,G,A,0.00723912,0.197087,0.0558286,71585380,71587380
rs10247524,chr7,149882859,G,C,0.999559,0.537738,0.0498094,149881859,149883859
rs9847887,chr3,94863078,C,A,0.00348975,0.226868,0.0508062,94862078,94864078
rs12441089,chr15,92734284,T,C,0.144632,0.56124,0.0431906,92733284,92735284
rs73062510,chr12,10512044,A,T,0.00520544,-0.291493,0.0767202,10511044,10513044
rs267213,chr3,45611791,G,A,0.161832,-0.788359,0.0529285,45610791,45612791
rs4130781,chr2,211730223,T,C,0.0610404,-0.385552,0.0595486,211729223,211731223
rs4336026,chr21,28003875,A,G,0.0265258,-0.177778,0.0471238,28002875,28004875
rs66522549,chr1,221737069,T,C,0.585041,-0.518054,0.0545564,221736069,221738069
rs11686508,chr2,62475871,A,G,0.99915,-0.31098,0.0507654,62474871,62476871
rs763581,chr12,6084547,G,A,0.248587,0.411212,0.0717444,6083547,6085547
rs12984859,chr19,48255916,T,C,0.00167125,-0.137917,0.0526904,48254916,48256916
rs10494428,chr1,164914452,G,C,0.0661961,-0.318104,0.053311,164913452,164915452
rs62524875,chr8,121476556,A,T,0.0451936,-0.257913,0.0584997,121475556,121477556
rs7591505,chr2,70607191,G,T,0.944349,0.908195,0.0539836,70606191,70608191
rs9582687,chr13,103329103,G,C,0.0178393,-0.624029,0.0508403,103328103,103330103
rs12266654,chr10,14559727,G,A,0.0968726,-0.366547,0.0462197,14558727,14560727
rs12129705,chr1,119648421,A,T,0.999946,-0.722178,0.0928271,119647421,119649421
rs10023434,chr4,139958831,A,G,0.99899,-0.55621,0.0703894,139957831,139959831
rs9524357,chr13,94180549,G,A,0.18114,-0.237684,0.0521028,94179549,94181549
rs55888859,chr2,55629720,G,A,0.182128,-0.230055,0.0521449,55628720,55630720
rs7662376,chr4,42617208,T,C,0.0534028,0.369189,0.0570764,42616208,42618208
rs59381498,chr3,194872299,A,G,0.151412,0.581304,0.0711328,194871299,194873299
rs17092197,chr14,95432270,A,G,0.991661,-0.377226,0.0459574,95431270,95433270
rs2469355,chr8,3595346,C,A,0.241057,-0.278636,0.0589921,3594346,3596346
rs58719473,chr10,69459133,A,G,0.01232,0.202943,0.0449442,69458133,69460133
rs9378837,chr6,453197,C,T,0.0358118,-0.251906,0.0559661,452197,454197
rs9354788,chr6,68576160,A,G,0.0518443,-0.591847,0.0500228,68575160,68577160
rs72999641,chr19,13459477,A,G,0.637266,-0.349779,0.0803926,13458477,13460477
rs4322565,chr14,50714672,C,T,0.188774,-0.389828,0.0475575,50713672,50715672
rs7256735,chr19,2169122,T,G,0.588534,-0.865376,0.0662675,2168122,2170122
rs112099500,chr20,24978033,T,C,0.550187,-0.608559,0.101762,24977033,24979033
rs73479582,chr12,132594235,G,T,0.611258,-1.07725,0.0571644,132593235,132595235
rs2143070,chr6,163352392,A,G,0.83359,0.88159,0.0736856,163351392,163353392
rs9607488,chr22,37696998,C,T,0.0245065,-0.203747,0.0490905,37695998,37697998
rs4734231,chr8,92479065,A,C,0.079036,-0.248199,0.0592969,92478065,92480065
rs11681192,chr2,233349418,A,T,0.0808972,0.219672,0.0478795,233348418,233350418
rs12004488,chr9,69223549,C,T,0.2794,-0.343759,0.0770845,69222549,69224549
rs35912397,chr4,44894772,T,C,0.331433,0.367857,0.0499959,44893772,44895772
rs4859302,chr4,35465358,G,C,0.134757,-1.03607,0.0393604,35464358,35466358
rs10025805,chr4,31331994,C,T,0.5,0.82223,0.047433,31330994,31332994
rs7028554,chr9,108708608,C,A,0.466121,-0.910117,0.0431454,108707608,108709608
rs4365098,chr12,65622310,G,C,0.0462676,-0.226813,0.058988,65621310,65623310
rs4980354,chr15,84969495,T,C,0.952996,0.743538,0.049743,84968495,84970495
rs886792,chr7,20249766,T,C,1,0.614415,0.0658136,20248766,20250766
rs3114867,chr16,89362559,A,C,0.0107289,-0.139976,0.044609,89361559,89363559
rs2023713,chr15,91104210,T,G,0.999997,-0.832959,0.0372578,91103210,91105210
rs56234333,chr3,119018869,C,G,0.5,-1.12066,0.0746974,119017869,119019869
rs12049612,chr1,7478305,C,T,1,0.685395,0.0812527,7477305,7479305
rs1257221,chr2,134259047,A,C,0.248878,0.291449,0.0539513,134258047,134260047
rs835044,chr12,95003776,T,C,0.51698,0.335561,0.0499648,95002776,95004776
rs621089,chr8,108139814,C,T,0.0645789,-0.344245,0.0565437,108138814,108140814
rs4869978,chr6,151068106,T,C,0.624119,0.537223,0.0627491,151067106,151069106
rs62517840,chr8,130649822,G,A,0.481137,-0.812313,0.0712927,130648822,130650822
rs12441717,chr15,91867177,G,C,0.856324,0.304536,0.0466746,91866177,91868177
rs2606227,chr3,183819048,T,C,0.438206,0.217428,0.0479186,183818048,183820048
rs35420438,chr10,6162020,C,T,0.999933,-0.578322,0.0652602,6161020,6163020
rs1514866,chr5,17732697,A,G,1,0.810067,0.0403349,17731697,17733697
rs58112680,chr2,235634901,T,G,0.5,-0.691917,0.0432448,235633901,235635901
rs62259926,chr3,104460858,T,C,0.0658216,-0.185312,0.0506289,104459858,104461858
rs9572627,chr13,71039829,G,T,1,-1.00834,0.0412786,71038829,71040829
rs9974876,chr21,31566905,C,A,0.0303426,0.184596,0.0464014,31565905,31567905
rs3802455,chr9,95018710,G,C,0.846808,0.269749,0.0617168,95017710,95019710
rs12208433,chr6,118080582,T,C,0.041097,0.259399,0.0528261,118079582,118081582
rs3754173,chr1,40821211,A,G,1,0.551356,0.0478533,40820211,40822211
rs11802789,chr1,171428073,C,T,0.916737,-0.651677,0.0838264,171427073,171429073
rs171521,chr5,111158415,C,T,0.227304,0.202567,0.0438083,111157415,111159415
rs10125098,chr9,36008796,A,G,0.245855,-0.307246,0.047848,36007796,36009796
rs648667,chr2,223888418,A,G,0.0123963,0.313471,0.0933455,223887418,223889418
rs28496561,chr14,61520776,T,A,0.392108,-0.410823,0.0698926,61519776,61521776
rs12799886,chr11,91932420,G,T,0.0587731,0.359242,0.0582017,91931420,91933420
rs12250042,chr10,11532425,G,T,0.110743,-0.329726,0.0468458,11531425,11533425
rs42864,chr5,39283674,C,G,0.0678099,0.194757,0.0503932,39282674,39284674
rs11099064,chr4,130563566,A,C,0.0299786,-0.409091,0.0490932,130562566,130564566
rs7985835,chr13,109181015,T,G,0.382699,0.341654,0.0484813,109180015,109182015
rs3763505,chr7,48089253,G,A,0.187671,0.616088,0.0510312,48088253,48090253
rs4641541,chr12,45131602,G,A,0.248216,-0.674377,0.0465372,45130602,45132602
rs165944,chr5,88814546,C,T,0.342832,-0.26886,0.0592486,88813546,88815546
rs11050181,chr12,29314736,C,T,0.00659758,-0.203214,0.0519572,29313736,29315736
rs7834818,chr8,123517137,A,G,0.996083,-0.676617,0.0455482,123516137,123518137
rs56289912,chr2,122136268,C,A,0.0475024,0.802857,0.0515575,122135268,122137268
rs79210395,chr10,85888173,G,A,0.0434518,-0.300746,0.0795381,85887173,85889173
rs17451087,chr11,115438384,T,C,0.0950212,0.548371,0.0636541,115437384,115439384
rs9535625,chr13,51246766,C,T,0.0425138,-0.482533,0.094167,51245766,51247766
rs4734364,chr8,97396130,C,T,0.0299187,0.210362,0.0457021,97395130,97397130
rs9863680,chr3,188241301,C,G,0.0071555,-0.20862,0.0441459,188240301,188242301
rs34115245,chr2,60808888,T,C,0.470018,-0.731913,0.0601857,60807888,60809888
rs1915886,chr1,241235298,A,G,0.0537652,-0.420668,0.047265,241234298,241236298
rs6475604,chr9,22052735,T,C,0.141054,0.732494,0.0468995,22051735,22053735
rs1990622,chr7,12244161,A,G,0.00720929,-0.210169,0.0469554,12243161,12245161
rs4853932,chr2,2524857,G,T,0.332509,-0.442146,0.0575544,2523857,2525857
rs10876284,chr12,52391883,C,T,0.126126,-0.855189,0.0962899,52390883,52392883
rs62079899,chr17,55259744,G,T,0.449873,1.16444,0.062196,55258744,55260744
rs12121745,chr1,194443088,A,G,0.161445,-0.796194,0.100556,194442088,194444088
rs942861,chr1,65333160,G,A,0.00636022,0.166387,0.0463068,65332160,65334160
rs7825295,chr8,76196815,A,G,0.0210832,-0.19865,0.0518873,76195815,76197815
rs12893426,chr14,44529146,T,C,1,-0.560571,0.0480831,44528146,44530146
rs67854907,chr7,80181812,A,G,0.332931,-0.846731,0.0707854,80180812,80182812
rs2256466,chr13,44244421,C,T,0.00548309,-0.310626,0.0849246,44243421,44245421
rs1331060,chr1,212529314,A,G,0.500121,0.439556,0.0831048,212528314,212530314
rs9513181,chr13,96781435,A,C,0.95473,0.71502,0.0775785,96780435,96782435
rs3914060,chr11,113716035,T,C,0.0607452,0.813052,0.045641,113715035,113717035
rs372747,chr9,105216511,G,A,0.0670511,-0.520674,0.0754186,105215511,105217511
rs13151166,chr4,188439948,T,C,0.0796837,-0.26362,0.0516843,188438948,188440948
rs331595,chr13,110553029,C,T,0.19828,0.544756,0.0982214,110552029,110554029
rs1032964,chr1,212754829,A,G,0.0435619,-0.303431,0.0545416,212753829,212755829
rs374513973,chr5,227556,C,G,0.00326993,-0.719449,0.0946213,226556,228556
rs1266175,chr17,37111115,A,G,0.102398,0.258187,0.0441902,37110115,37112115
rs28637192,chr4,7956490,G,T,1,-0.96581,0.0578841,7955490,7957490
rs76275785,chr1,218558059,G,A,1,-1.34697,0.0798472,218557059,218559059
rs7893619,chr10,79438465,C,G,0.25368,0.256824,0.0552585,79437465,79439465
rs11711683,chr3,2321180,T,C,0.082767,-0.482225,0.0708065,2320180,2322180
rs2365613,chr6,157539411,A,G,0.0838595,-0.896217,0.0420869,157538411,157540411
rs7743661,chr6,30890477,T,C,0.0123513,0.300203,0.0616692,30889477,30891477
rs55980652,chr9,34084618,G,A,0.00154908,-0.217458,0.0695287,34083618,34085618
rs1700680,chr5,76942653,A,G,0.112601,0.418142,0.0500536,76941653,76943653
rs17184165,chr10,104683884,C,T,0.323587,-0.750249,0.101131,104682884,104684884
rs1124651,chr2,208143062,A,G,0.0561232,-0.842707,0.0773021,208142062,208144062
rs3858861,chr13,37172598,T,C,0.0197717,0.297597,0.0489504,37171598,37173598
rs9415066,chr10,72332166,T,C,0.661622,-0.445081,0.0484488,72331166,72333166
rs6480616,chr10,72298086,C,T,0.00820983,-0.162166,0.0462468,72297086,72299086
rs16929305,chr8,62626253,C,T,0.0408156,-0.251696,0.0462165,62625253,62627253
rs7301941,chr12,31235413,T,C,0.998767,0.470673,0.0571444,31234413,31236413
rs2606258,chr18,686807,C,T,0.0733355,0.287342,0.0622731,685807,687807
rs17283010,chr3,151379603,G,A,0.412445,-0.229361,0.0458451,151378603,151380603
rs2546372,chr5,160165737,G,A,0.835151,-0.401295,0.054022,160164737,160166737
rs72907984,chr2,188085715,G,A,0.00978349,-0.595976,0.0869595,188084715,188086715
rs2317136,chr13,112959509,A,T,0.999299,-0.456878,0.051034,112958509,112960509
rs9346221,chr6,68576339,G,C,0.0940289,-0.594137,0.0499671,68575339,68577339
rs79960228,chr6,109315955,C,G,0.0584954,-0.822949,0.105861,109314955,109316955
rs4132890,chr5,164189064,T,C,0.775037,1.04544,0.0783626,164188064,164190064
rs28454544,chr7,48424977,C,T,0.0184246,0.305804,0.0513318,48423977,48425977
rs1046974,chr2,233346901,G,A,0.0525278,0.201142,0.0496982,233345901,233347901
rs10815602,chr9,746216,T,C,1,0.596343,0.0467078,745216,747216
rs28612881,chr7,30163327,G,T,0.887099,-0.585523,0.0815673,30162327,30164327
rs13270759,chr8,67882714,C,T,0.164357,-0.814438,0.0433886,67881714,67883714
rs72805907,chr5,150272776,A,G,0.215355,-0.323277,0.0599941,150271776,150273776
rs8100952,chr19,46435226,C,T,1,-0.664919,0.0464839,46434226,46436226
rs2275154,chr1,243270352,A,G,0.0168948,0.233972,0.0479771,243269352,243271352
rs6837453,chr4,146490352,T,A,0.0714094,0.488477,0.0525404,146489352,146491352
rs4143627,chr8,112267606,G,A,0.036628,-0.224378,0.0523274,112266606,112268606
rs10741610,chr11,13135363,T,C,0.0847366,-0.256822,0.0459965,13134363,13136363
rs73341935,chr17,50838188,C,G,0.125626,-0.51631,0.0740923,50837188,50839188
rs13172734,chr5,180128900,G,A,0.215348,0.597336,0.0494331,180127900,180129900
rs13163782,chr5,126516283,G,C,0.427586,0.411813,0.048924,126515283,126517283
rs2280097,chr3,35670954,A,G,0.00371858,-0.14337,0.0494169,35669954,35671954
rs7721076,chr5,172381082,G,A,0.00370432,-0.300355,0.0901946,172380082,172382082
rs9523276,chr13,91240420,T,C,0.124178,0.257149,0.0663191,91239420,91241420
rs7520297,chr1,234218424,G,A,0.107153,-0.40548,0.0636565,234217424,234219424
rs62097589,chr18,74612078,A,G,0.0340954,-0.449805,0.0621397,74611078,74613078
rs1123648,chr2,37005187,C,T,0.0270223,-0.706094,0.0619604,37004187,37006187
rs6538453,chr12,93776742,G,A,0.999893,-0.845195,0.0420859,93775742,93777742
rs11709624,chr3,30624960,C,G,0.315532,-0.240227,0.0497647,30623960,30625960
rs6041774,chr20,1373839,C,T,0.109874,-0.596026,0.0693938,1372839,1374839
rs10203297,chr2,168087045,T,C,0.019535,0.20481,0.0475103,168086045,168088045
rs1509634,chr2,220780208,T,C,1,-0.626775,0.0530938,220779208,220781208
rs2154984,chr11,64148305,C,T,0.0852971,-1.19605,0.0917487,64147305,64149305
rs11257145,chr10,11515615,T,G,0.0282587,0.511369,0.0761855,11514615,11516615
rs13148045,chr4,137545684,T,C,0.00245658,-0.151547,0.0604361,137544684,137546684
rs74324447,chr1,190863889,C,T,0.0317522,0.575735,0.0608105,190862889,190864889
rs1831466,chr13,26657075,C,G,0.231169,-0.500143,0.0538474,26656075,26658075
rs12884077,chr14,105087055,G,A,0.141706,0.443365,0.101558,105086055,105088055
rs4274262,chr12,95742680,A,G,1,0.558973,0.043123,95741680,95743680
rs71633549,chr1,205505910,C,T,0.0903352,-0.244859,0.0570716,205504910,205506910
rs1058326,chr9,27447091,G,A,0.993056,0.287177,0.0468517,27446091,27448091
rs2543576,chr14,79605886,G,A,0.0275696,-0.383107,0.04177,79604886,79606886
rs321288,chr7,95684352,A,G,0.1,0.955979,0.0417588,95683352,95685352
rs16871181,chr4,10639955,T,C,0.0130138,-0.208188,0.045425,10638955,10640955
rs167679,chr7,95684258,A,G,0.1,0.955979,0.0417588,95683258,95685258
rs60418494,chr15,92624954,G,A,0.215716,0.454579,0.0741672,92623954,92625954
rs4373182,chr4,145299650,T,G,0.171324,0.356864,0.0577778,145298650,145300650
rs10781445,chr9,77534591,C,G,0.892466,-0.43118,0.0463897,77533591,77535591
rs12915189,chr15,90571144,A,G,0.0638927,0.194396,0.0487627,90570144,90572144
rs13269212,chr8,93127858,T,A,0.0443209,0.251995,0.0505834,93126858,93128858
rs2378081,chr9,77735627,T,C,0.0872325,0.522179,0.0449202,77734627,77736627
rs3118593,chr9,134534488,C,A,0.0843221,0.25248,0.0461939,134533488,134535488
rs905563,chr17,3531845,C,A,0.403946,-0.493654,0.0690618,3530845,3532845
rs12477674,chr2,50606999,G,A,0.762475,0.372298,0.0491642,50605999,50607999
rs73211626,chr3,107198736,C,A,0.0507954,-0.520055,0.0853578,107197736,107199736
rs9848466,chr3,156037538,G,A,0.773244,-0.712006,0.0600562,156036538,156038538
rs170062,chr7,28534139,C,T,0.395832,-0.311326,0.0449833,28533139,28535139
rs16950172,chr18,6482887,T,C,0.0107061,0.180999,0.0478352,6481887,6483887
rs17046778,chr2,55232237,T,G,0.315428,0.409257,0.0659219,55231237,55233237
rs56918084,chr2,158727089,A,T,0.0656604,-0.627266,0.0733045,158726089,158728089
rs56243131,chr20,18516182,A,G,0.278348,-0.520052,0.0812004,18515182,18517182
rs17416046,chr8,4542065,C,T,0.0602064,-0.669684,0.0861683,4541065,4543065
rs10060138,chr5,10111732,T,C,0.0276257,0.231273,0.0570891,10110732,10112732
rs9589460,chr13,92246892,T,C,0.401577,-0.663345,0.0473255,92245892,92247892
rs4726893,chr7,147861159,C,T,0.0246493,-0.336976,0.0484323,147860159,147862159
rs2664097,chr3,9056793,T,C,0.925424,0.491132,0.0639642,9055793,9057793
rs4869977,chr6,151068047,G,C,0.375591,0.533506,0.0628287,151067047,151069047
rs2979967,chr3,125886114,G,A,0.019492,-0.294727,0.0484483,125885114,125887114
rs4766445,chr12,109182243,A,T,0.0520935,0.290465,0.0518803,109181243,109183243
rs13132376,chr4,137545744,C,T,0.478394,-0.291881,0.0675316,137544744,137546744
rs6041772,chr20,1373766,C,T,0.109874,-0.596026,0.0693938,1372766,1374766
rs56075729,chr7,139688136,C,G,0.111622,0.494132,0.0617779,139687136,139689136
rs746747,chr8,123922318,T,C,0.04904,-0.584572,0.0617299,123921318,123923318
rs7218589,chr17,78115122,C,G,0.999362,-0.474941,0.06107,78114122,78116122
rs10929003,chr2,127003558,A,G,0.0669553,-0.221779,0.0446214,127002558,127004558
rs4735308,chr8,90676430,A,G,0.0244532,0.354263,0.0472818,90675430,90677430
rs949796,chr6,54778729,A,G,0.00182032,0.270308,0.0927246,54777729,54779729
rs937720,chr14,77121593,C,A,0.140253,-0.398137,0.0507293,77120593,77122593
rs11041426,chr11,7522288,G,A,0.639889,-0.337542,0.0463543,7521288,7523288
rs2398144,chr16,56318942,C,A,0.959421,-0.245466,0.0456218,56317942,56319942
rs1610319,chr1,92804887,T,A,0.928777,0.671104,0.0735478,92803887,92805887
rs10149880,chr14,75166305,A,G,0.0157026,0.427401,0.0452357,75165305,75167305
rs12959219,chr18,36067707,G,A,0.217401,-0.256946,0.0452313,36066707,36068707
rs389412,chr4,188440272,T,C,0.0147869,0.251438,0.0535384,188439272,188441272
rs11740555,chr5,157731802,G,A,0.787907,-0.54029,0.0882784,157730802,157732802
rs8191518,chr8,11769752,C,G,0.0109161,-0.306924,0.0667224,11768752,11770752
rs9450840,chr6,87944727,C,T,0.45189,-0.415257,0.0776723,87943727,87945727
rs340903,chr9,6107113,C,G,0.00753659,0.349175,0.052104,6106113,6108113
rs2809940,chr1,51906526,G,A,0.264038,-0.398449,0.0785316,51905526,51907526
rs1159039,chr14,79825250,T,C,0.0642197,0.304765,0.0520675,79824250,79826250
rs17420555,chr5,109580492,G,T,0.0214566,-0.29595,0.075192,109579492,109581492
rs62081537,chr18,37668124,T,C,0.0946986,-0.239824,0.0621478,37667124,37669124
rs11153317,chr6,111768317,G,A,0.0605725,0.188011,0.0451333,111767317,111769317
rs9788496,chr14,22375369,A,C,0.0701876,-0.231926,0.0522653,22374369,22376369
rs910954,chr20,4160955,C,T,0.740978,-0.292159,0.0514152,4159955,4161955
rs11889885,chr2,11688504,G,A,0.135237,-0.497436,0.0976843,11687504,11689504
rs254208,chr5,116559199,A,C,0.305746,0.246834,0.0442394,116558199,116560199
rs16924634,chr9,6495789,C,A,0.989409,-0.600012,0.069921,6494789,6496789
rs11712515,chr3,2321324,T,C,0.082767,-0.482225,0.0708065,2320324,2322324
rs61693209,chr18,61860523,G,A,0.305485,-0.465723,0.0858048,61859523,61861523
rs2911971,chr8,6750113,C,G,0.625556,-0.411691,0.0507076,6749113,6751113
rs531009,chr11,126629435,A,C,0.111502,0.332783,0.081856,126628435,126630435
rs61901226,chr11,112671366,C,T,1,0.717096,0.061123,112670366,112672366
rs321289,chr7,95684107,A,C,0.1,0.955979,0.0417588,95683107,95685107
rs28404528,chr15,37125274,G,C,0.999998,-1.11369,0.0908762,37124274,37126274
rs12917100,chr15,47618334,C,T,0.00475859,-0.411014,0.0527109,47617334,47619334
rs17009509,chr4,125352774,G,T,0.0464743,-0.581905,0.0850075,125351774,125353774
rs12828652,chr12,30807761,G,A,0.0168099,0.516618,0.0493872,30806761,30808761
rs10938409,chr4,40831496,C,T,0.0610683,-0.239292,0.0566241,40830496,40832496
rs75587701,chr11,31879700,A,T,0.0767816,0.19409,0.0506731,31878700,31880700
rs4447611,chr2,119143254,G,A,0.469562,-0.38217,0.0470004,119142254,119144254
rs2051296,chr18,68903876,G,C,0.0924519,-0.766803,0.0784448,68902876,68904876
rs12680402,chr8,18965373,G,A,0.0494726,-0.329011,0.0451131,18964373,18966373
rs17167482,chr7,134141648,T,C,0.00470394,-0.375386,0.0732879,134140648,134142648
rs11025099,chr11,19311710,T,C,0.0289508,0.34939,0.0503117,19310710,19312710
rs79186925,chr1,169546698,T,C,0.00991079,-0.342567,0.0586274,169545698,169547698
rs904582,chr12,32582302,C,T,0.0269194,-0.476522,0.0433813,32581302,32583302
rs923979,chr3,13078605,T,C,0.451881,-0.241303,0.0525586,13077605,13079605
rs1888612,chr6,89073281,G,A,0.100949,0.180471,0.0463802,89072281,89074281
rs2981799,chr10,122571997,A,G,0.00507059,-0.294292,0.0484167,122570997,122572997
rs72939725,chr6,72218333,C,T,0.0353097,-0.280582,0.053011,72217333,72219333
rs73022483,chr2,169849147,A,G,0.0104256,-1.07944,0.104093,169848147,169850147
rs11669127,chr19,58492463,C,T,0.985162,0.713793,0.062398,58491463,58493463
rs115305368,chr11,87301809,A,G,0.00502288,-0.946956,0.188569,87300809,87302809
rs6476798,chr9,4048636,A,G,0.999249,0.435183,0.0548847,4047636,4049636
rs11737214,chr4,41418715,T,C,0.759663,0.429737,0.052348,41417715,41419715
rs7358398,chr11,42258083,T,C,0.268166,0.411119,0.0986674,42257083,42259083
rs389681,chr4,188440227,T,C,0.0175795,0.253712,0.0535314,188439227,188441227
rs2015597,chr18,79353300,G,A,0.292415,-0.723874,0.0943769,79352300,79354300
rs62493196,chr8,13576729,T,G,0.197722,0.2133,0.0468693,13575729,13577729
rs9621436,chr22,32379026,G,C,0.0374468,-0.543534,0.0725156,32378026,32380026
rs2167096,chr4,176451602,G,A,0.998194,-0.800487,0.048185,176450602,176452602
rs62085660,chr17,68101598,C,G,0.0519074,-0.655383,0.0864663,68100598,68102598
rs76835657,chr6,19837326,C,G,0.398341,-0.872694,0.101007,19836326,19838326
rs4691153,chr4,165131589,A,G,0.0117631,-0.269856,0.0734638,165130589,165132589
rs17756712,chr6,625071,A,G,0.355215,-0.452463,0.0585341,624071,626071
rs11908339,chr20,63909837,G,A,0.0173019,-0.355587,0.0867418,63908837,63910837
rs6657638,chr1,158527394,C,G,0.0111961,1.03233,0.0354982,158526394,158528394
rs12701758,chr7,39733396,G,A,0.943498,0.394335,0.0481498,39732396,39734396
rs61826298,chr1,230859371,G,A,0.00501396,-0.228653,0.0694104,230858371,230860371
rs868856,chr9,27489253,A,G,0.0057098,0.281593,0.086487,27488253,27490253
rs10906941,chr10,46284758,C,G,0.0119412,0.204049,0.0563547,46283758,46285758
rs73031482,chr5,227479,G,A,0.00326993,-0.719449,0.0946213,226479,228479
rs34968141,chr3,7417659,C,T,0.922859,-0.665079,0.0925188,7416659,7418659
rs60101093,chr3,129428772,C,G,0.0136001,-0.383361,0.0622349,129427772,129429772
rs13128498,chr4,13784371,G,C,0.00618793,-0.37172,0.0853187,13783371,13785371
rs2268061,chr1,71019376,G,A,0.0673783,0.896467,0.0395308,71018376,71020376
rs78299733,chr14,23953706,T,G,0.00580158,-0.399396,0.114709,23952706,23954706
rs66575205,chr1,46348420,T,G,0.00458455,-0.506969,0.0552738,46347420,46349420
rs9536949,chr13,33271343,C,G,0.102839,0.253249,0.0504677,33270343,33272343
rs2393615,chr10,60156546,A,C,0.937009,-0.43139,0.0459999,60155546,60157546
rs12461682,chr19,20279769,T,C,0.0470308,-0.582414,0.0654568,20278769,20280769
rs4308082,chr2,191861288,C,T,0.996298,0.583948,0.0471777,191860288,191862288
rs2892841,chr1,84759177,C,T,0.999491,0.808794,0.0504038,84758177,84760177
rs1892174,chr1,164678456,T,C,0.081454,-0.290988,0.0717585,164677456,164679456
rs3896704,chr4,98113101,C,T,0.00286721,-0.499904,0.047816,98112101,98114101
rs77645462,chr15,39976878,G,T,0.955378,-1.51272,0.0956502,39975878,39977878
rs682798,chr5,73120457,A,G,0.0158117,-0.296866,0.0849684,73119457,73121457
rs880298,chr12,106049356,C,T,0.831422,0.215929,0.0448005,106048356,106050356
rs35122942,chr17,64975479,G,A,0.0240706,-0.276901,0.080609,64974479,64976479
rs180021,chr6,16296476,C,G,0.276246,-0.331058,0.0602039,16295476,16297476
rs7615102,chr3,75294345,C,T,0.0196741,-0.238142,0.062979,75293345,75295345
rs639234,chr13,30319847,G,A,0.074418,0.435462,0.108816,30318847,30320847
rs859001,chr1,158177819,G,A,0.0561631,-0.402545,0.0765575,158176819,158178819
rs12801811,chr11,81648099,C,A,0.159074,-0.360537,0.0544966,81647099,81649099
rs3858528,chr11,3416998,G,A,0.00134453,0.151454,0.0494779,3415998,3417998
rs10748918,chr10,106513668,A,G,0.999987,0.562527,0.0436735,106512668,106514668
rs111766401,chr6,47477804,C,G,0.0376882,0.528596,0.0776786,47476804,47478804
rs12695170,chr3,107356950,C,A,0.980589,-0.499638,0.0556005,107355950,107357950
rs11990023,chr8,119686059,C,T,0.138193,0.437243,0.0476074,119685059,119687059
rs62297775,chr4,54403051,C,A,0.596697,0.595049,0.0716577,54402051,54404051
rs16912745,chr9,28365449,C,T,0.681459,-0.604955,0.0652094,28364449,28366449
rs57056075,chr5,160175720,T,C,0.012275,-0.205328,0.0478944,160174720,160176720
rs3745943,chr19,38093573,A,G,0.0908138,0.496303,0.0518922,38092573,38094573
rs9558395,chr13,104773694,T,G,0.00150051,-0.166947,0.0471219,104772694,104774694
rs2560681,chr5,116032337,G,A,0.0143671,-0.212877,0.0500833,116031337,116033337
rs7820581,chr8,136789553,C,T,0.0284964,-0.670948,0.0694916,136788553,136790553
rs11879541,chr19,43827291,C,T,0.0801863,-0.283813,0.0448756,43826291,43828291
rs2126143,chr3,159792249,G,A,0.059361,0.227437,0.0566097,159791249,159793249
rs13232480,chr7,143372217,T,C,1,0.819892,0.0507238,143371217,143373217
rs11975338,chr7,82506666,T,C,0.470261,-0.597094,0.047214,82505666,82507666
rs7191736,chr16,9976721,C,T,0.182214,-0.894149,0.0819163,9975721,9977721
rs61957221,chr13,76019596,A,G,0.919231,-1.13982,0.0494686,76018596,76020596
rs62435216,chr6,169242147,T,C,0.157829,0.632852,0.0744907,169241147,169243147
rs2400443,chr3,135141338,T,A,0.142635,-0.653456,0.0833254,135140338,135142338
rs58640280,chr4,38204871,C,A,0.0316703,-0.672854,0.0488294,38203871,38205871
rs4777306,chr15,70763521,T,G,0.846418,0.297803,0.049238,70762521,70764521
rs1837328,chr1,84997226,G,C,0.00539304,0.37514,0.0863426,84996226,84998226
rs6076247,chr20,24659108,C,T,0.920927,-0.388067,0.0616142,24658108,24660108
rs12564596,chr1,169163316,C,T,0.00451129,0.354371,0.0476653,169162316,169164316
rs255295,chr5,173156065,C,T,0.0538971,0.527102,0.0464479,173155065,173157065
rs17699134,chr3,116166513,G,A,0.00752054,-0.288887,0.0603365,116165513,116167513
rs11611881,chr12,40980440,C,A,0.250785,0.531263,0.0455082,40979440,40981440
rs883030,chr19,47267681,C,A,0.189007,0.351222,0.0440016,47266681,47268681
rs7610236,chr3,197356522,C,A,0.263149,0.509102,0.110584,197355522,197357522
rs10940523,chr5,57037606,C,T,0.999936,0.814254,0.0467817,57036606,57038606
rs36063247,chr8,56242094,C,T,0.00955529,0.24673,0.0740883,56241094,56243094
rs1701518,chr1,63674711,G,C,0.164161,0.502257,0.0554033,63673711,63675711
rs6988452,chr8,116636480,C,T,0.891671,-0.91471,0.121888,116635480,116637480
rs948383,chr18,22423441,G,A,0.707753,0.561916,0.0453218,22422441,22424441
rs477023,chr1,189658534,G,A,0.011697,-0.296378,0.053035,189657534,189659534
rs1160221,chr3,156273559,G,T,0.922902,-0.664659,0.0502329,156272559,156274559
rs60771529,chr2,1990737,T,C,0.931605,-0.314696,0.0651945,1989737,1991737
rs4597788,chr4,87543825,A,G,0.107974,0.397878,0.0496019,87542825,87544825
rs11855352,chr15,52499882,C,A,0.00430768,-0.229393,0.0614684,52498882,52500882
rs17409777,chr5,160400201,C,G,0.440872,-0.566524,0.0706849,160399201,160401201
rs2091244,chr3,65532244,A,G,0.160534,-0.319487,0.0529819,65531244,65533244
rs2800351,chr13,83223651,C,G,0.0160475,0.268841,0.0520317,83222651,83224651
rs4421626,chr1,56363346,G,A,0.0217116,0.162726,0.04446,56362346,56364346
rs61856793,chr10,50437469,C,A,0.0292456,-0.251027,0.060453,50436469,50438469
rs4092400,chr8,2526577,A,T,0.026387,0.18897,0.0487513,2525577,2527577
rs6981007,chr8,102586029,G,C,0.199056,-0.430089,0.0553675,102585029,102587029
rs9372031,chr6,156964021,T,C,0.999066,-0.509972,0.0664747,156963021,156965021
rs62527155,chr8,104034028,C,T,0.0114343,-0.372696,0.0957257,104033028,104035028
rs1695192,chr3,23480512,G,C,0.355743,-0.621635,0.0562162,23479512,23481512
rs73214381,chr3,112998126,C,T,0.656202,-0.724447,0.0501548,112997126,112999126
rs6019386,chr20,48709902,T,G,0.183052,0.268446,0.0481586,48708902,48710902
rs17396537,chr2,132651295,G,C,0.0589212,-0.826405,0.0392696,132650295,132652295
rs2207227,chr6,157035957,G,A,0.00479957,0.15906,0.0472028,157034957,157036957
rs10973066,chr9,36766246,T,G,0.0203897,0.436353,0.0457916,36765246,36767246
rs72669161,chr4,122537923,G,A,0.0774126,-0.494567,0.0533541,122536923,122538923
rs11665227,chr18,60090396,G,A,0.266479,-0.441884,0.0457873,60089396,60091396
rs1013696,chr18,33840046,T,C,0.98454,0.357877,0.0523328,33839046,33841046
rs10432059,chr17,19762688,C,T,0.541039,-0.423838,0.0889986,19761688,19763688
rs12798721,chr11,26227414,A,G,0.0100329,0.472607,0.0530354,26226414,26228414
rs1864836,chr10,62268779,C,G,0.136165,0.269418,0.0412648,62267779,62269779
rs12633194,chr3,169558437,C,T,0.0318091,-0.420133,0.0544552,169557437,169559437
rs11895735,chr2,170492241,T,C,1,0.648466,0.0466701,170491241,170493241
rs1442587,chr3,137821636,A,G,0.0797639,0.249806,0.0551907,137820636,137822636
rs57280217,chr8,18965433,T,C,0.00505078,-0.322439,0.0466259,18964433,18966433
rs12992106,chr2,12142541,A,G,0.999999,-0.604821,0.0448788,12141541,12143541
rs1655052,chr4,35908826,T,A,0.0393701,-0.328258,0.0595221,35907826,35909826
rs11925477,chr3,19889251,T,G,0.17247,0.577397,0.0607099,19888251,19890251
rs34041380,chr3,197456634,C,T,0.778338,-0.609754,0.123544,197455634,197457634
rs12643779,chr4,42806681,C,T,0.0329845,-0.369117,0.0828768,42805681,42807681
rs12041277,chr1,225857356,C,T,0.171876,0.444609,0.0472735,225856356,225858356
rs7041363,chr9,114383763,C,G,0.0501483,-0.199756,0.0449601,114382763,114384763
rs2363611,chr1,119829869,G,A,0.0736676,-0.376418,0.0446994,119828869,119830869
rs10498813,chr6,56819921,C,T,0.00650813,0.215378,0.0654623,56818921,56820921
rs61986885,chr14,73168337,C,A,0.427503,-0.401717,0.0765111,73167337,73169337
rs2151119,chr20,51750432,C,T,0.0103651,0.227602,0.0602213,51749432,51751432
rs7644975,chr3,56371141,G,A,0.151804,0.647578,0.0566988,56370141,56372141
rs12470189,chr2,119291056,G,A,0.19211,-0.942778,0.0421594,119290056,119292056
rs2823650,chr21,16211980,T,G,0.0272008,0.182634,0.0483763,16210980,16212980
rs4876363,chr8,116624090,A,G,0.975684,0.589949,0.0445072,116623090,116625090
rs7608378,chr2,179344596,T,C,0.975796,-0.897136,0.0852795,179343596,179345596
rs10973065,chr9,36766244,A,G,0.0203897,0.436353,0.0457916,36765244,36767244
rs12469549,chr2,78891034,G,A,0.0617157,-0.429953,0.0487021,78890034,78892034
rs1811272,chr2,56130711,C,A,0.18842,0.210191,0.0440552,56129711,56131711
rs77155464,chr12,54988558,C,A,0.999047,-0.625301,0.110003,54987558,54989558
rs7833333,chr8,118167432,G,A,0.575123,-0.512935,0.0771175,118166432,118168432
rs9525206,chr13,114021615,G,A,0.585799,-0.638356,0.0583375,114020615,114022615
rs10762296,chr10,69458963,G,A,0.0117319,0.202124,0.0448896,69457963,69459963
rs77424804,chr13,45325888,A,G,0.146655,-0.765406,0.0933497,45324888,45326888
rs1275823,chr14,69726964,G,A,0.00834762,-0.288529,0.0715775,69725964,69727964
rs7669833,chr4,152592217,T,A,0.155793,-0.313813,0.0481975,152591217,152593217
rs11710561,chr3,112327619,G,A,0.00592112,-0.347012,0.0551264,112326619,112328619
rs59107325,chr21,32826787,T,C,0.250616,-0.554452,0.0797688,32825787,32827787
rs17770142,chr16,83717918,A,C,0.0841109,-0.466271,0.0656526,83716918,83718918
rs1528970,chr5,137462998,A,T,0.0589266,-0.249057,0.053181,137461998,137463998
rs4851079,chr2,105641568,C,T,0.234842,0.346922,0.0459129,105640568,105642568
rs13306344,chr1,169546678,G,A,0.72993,-0.421,0.0632892,169545678,169547678
rs4870914,chr8,124619809,A,G,0.407481,0.707679,0.0743556,124618809,124620809
rs17625742,chr2,66542022,C,T,0.0631664,0.628622,0.0510556,66541022,66543022
rs7229522,chr18,10010736,A,G,0.094464,-0.227376,0.0537432,10009736,10011736
rs2289367,chr7,45073571,G,A,0.0527899,0.368146,0.0545506,45072571,45074571
rs12523811,chr6,17833321,A,C,0.0129663,-0.183478,0.0450534,17832321,17834321
rs11146138,chr10,132060353,G,A,0.493545,0.231573,0.049861,132059353,132061353
rs6960130,chr7,137435057,G,C,0.361867,-0.83383,0.0417276,137434057,137436057
rs341322,chr5,112492590,T,C,0.484707,0.974493,0.0408615,112491590,112493590
rs2031999,chr9,97571877,C,T,0.13264,0.18682,0.042926,97570877,97572877
rs56309414,chr5,148996463,C,G,0.00783086,-0.337286,0.0538532,148995463,148997463
rs9929218,chr16,68787043,G,A,0.0138047,-0.186277,0.0507383,68786043,68788043
rs6828206,chr4,25991615,G,T,0.462787,-0.281015,0.0501274,25990615,25992615
rs978135,chr13,39552391,T,A,0.323032,1.51041,0.0603284,39551391,39553391
rs28377268,chr9,95462774,G,T,0.996625,-0.503333,0.0513963,95461774,95463774
rs7333270,chr13,51224194,T,C,0.533135,0.466456,0.0447614,51223194,51225194
rs2070873,chr12,120325637,C,A,0.5222,-0.236009,0.0554927,120324637,120326637
rs168961,chr14,68816213,A,G,0.00977256,-0.188359,0.044288,68815213,68817213
rs1118592,chr14,33332683,T,C,0.954793,0.354604,0.0671613,33331683,33333683
rs2994818,chr1,119829659,G,C,0.0762074,-0.377899,0.0448501,119828659,119830659
rs12576527,chr11,98099531,C,A,0.0167892,-0.563869,0.0517068,98098531,98100531
rs4880812,chr10,1293978,G,A,1,-0.445605,0.0471256,1292978,1294978
rs9383236,chr6,17042765,A,G,0.0146663,-0.181351,0.0509921,17041765,17043765
rs3824617,chr10,45672399,C,T,0.232177,-0.309129,0.0541323,45671399,45673399
rs13416604,chr2,120826003,G,A,0.611651,-0.576889,0.0790495,120825003,120827003
rs9388486,chr6,126340008,T,C,0.222637,-0.753576,0.0473261,126339008,126341008
rs3003602,chr9,128218785,C,T,0.995289,0.263312,0.0439867,128217785,128219785
rs3818626,chr9,104094352,C,T,0.00469356,-0.344382,0.0509312,104093352,104095352
rs4077991,chr4,8275019,C,A,0.682775,-0.393495,0.0565707,8274019,8276019
rs10198528,chr2,158501680,A,G,0.0619975,-0.368644,0.0491377,158500680,158502680
rs12901345,chr15,68641021,C,T,0.988013,0.264557,0.0470865,68640021,68642021
rs9603589,chr13,39655607,C,T,0.070135,-0.282693,0.0587256,39654607,39656607
rs10218877,chr10,95196239,C,A,0.0458025,-0.461412,0.0509527,95195239,95197239
rs11711952,chr3,196528863,G,C,0.0851898,-0.587727,0.0910549,196527863,196529863
rs73337000,chr8,126647837,G,A,0.969224,0.609333,0.0867494,126646837,126648837
rs1873774,chr4,54333766,T,C,0.0181696,-0.448634,0.0975869,54332766,54334766
rs2913280,chr5,68818350,C,T,1,0.648829,0.0442503,68817350,68819350
rs2694086,chr2,3282779,C,T,0.0760767,-0.279161,0.0532389,3281779,3283779
rs2160017,chr7,147861478,G,T,0.0293386,-0.337769,0.0483424,147860478,147862478
rs6592416,chr11,87778512,A,G,0.177274,0.456316,0.053327,87777512,87779512
rs2029084,chr2,167681841,T,G,0.863161,-0.723409,0.0502044,167680841,167682841
rs2511182,chr11,78271084,G,C,0.127225,0.513199,0.0650731,78270084,78272084
rs62153922,chr2,96394628,G,A,0.0309484,-0.298176,0.0529865,96393628,96395628
rs2440217,chr8,96133000,G,A,0.225014,0.379779,0.0496375,96132000,96134000
rs7781115,chr7,4745185,A,G,0.749208,-0.354719,0.046485,4744185,4746185
rs12516418,chr5,113372092,C,T,0.0231128,0.233281,0.0634623,113371092,113373092
rs7763283,chr6,3641451,C,A,0.480321,0.540067,0.0468703,3640451,3642451
rs942636,chr6,33683352,C,T,0.998868,-0.448088,0.0589888,33682352,33684352
rs9553092,chr13,23899737,T,C,0.451683,0.479187,0.0472124,23898737,23900737
rs9523213,chr13,90968578,G,A,0.00112643,0.136057,0.0542668,90967578,90969578
rs12438950,chr15,90584082,C,T,0.286409,-0.46156,0.0721584,90583082,90585082
rs9976800,chr21,34534758,C,T,0.119417,-0.401028,0.0570476,34533758,34535758
rs1509376,chr2,22525929,T,C,0.497317,1.03882,0.0854092,22524929,22526929
rs1651093,chr5,76942900,T,C,0.112601,0.418142,0.0500536,76941900,76943900
rs2134728,chr11,11179556,G,C,1,-0.893576,0.0417721,11178556,11180556
rs7519767,chr1,212468029,T,C,0.176364,0.864681,0.0459046,212467029,212469029
rs4880484,chr10,1181004,T,C,0.0459554,0.28816,0.0494975,1180004,1182004
rs79768291,chr12,98446259,A,C,0.18069,-0.759321,0.0709632,98445259,98447259
rs479540,chr11,79313671,C,T,0.99988,0.864379,0.0740154,79312671,79314671
rs11102225,chr1,111253917,T,C,0.135586,0.752618,0.0415626,111252917,111254917
rs10777339,chr12,91854871,G,A,0.0922048,-0.181664,0.0470894,91853871,91855871
rs2882948,chr10,85961176,A,G,0.257588,0.535633,0.0435974,85960176,85962176
rs35290068,chr7,80128117,C,G,0.0603717,-0.214402,0.0518631,80127117,80129117
rs28719105,chr22,48604097,A,G,0.999999,-0.603081,0.044717,48603097,48605097
rs2961843,chr5,62128281,C,T,0.232753,0.620393,0.0644995,62127281,62129281
rs11600658,chr11,36840610,A,C,0.505324,0.816967,0.0587263,36839610,36841610
rs3757031,chr6,161256602,C,T,0.188463,-0.183721,0.0428336,161255602,161257602
rs9869943,chr3,14216607,T,C,0.999893,0.981344,0.0679907,14215607,14217607
rs7722813,chr5,143572382,C,A,1,0.790034,0.0555273,143571382,143573382
rs28405633,chr8,68082750,T,C,0.219105,0.470514,0.0666277,68081750,68083750
rs74050920,chr14,55137522,T,C,0.0708685,-0.513653,0.0968436,55136522,55138522
rs545208,chr11,96246945,T,C,0.801914,0.275553,0.0563593,96245945,96247945
rs67920954,chr3,179222706,A,G,0.0470681,0.718276,0.0537839,179221706,179223706
rs2412102,chr17,49471598,T,C,0.196458,-0.345179,0.0468644,49470598,49472598
rs2652030,chr12,62803197,T,C,0.319028,0.461363,0.0511638,62802197,62804197
rs2639743,chr1,228836535,A,G,0.114914,-0.269264,0.0441208,228835535,228837535
rs62577585,chr9,100555073,T,G,0.5,-0.884768,0.0877688,100554073,100556073
rs1653764,chr2,23503804,A,G,0.0147358,0.410214,0.0483723,23502804,23504804
rs6566214,chr18,66505927,A,G,0.099994,-0.558637,0.0450635,66504927,66506927
rs2242083,chr4,1051037,C,G,0.999999,-0.95858,0.0438154,1050037,1052037
rs1144256,chr1,82921886,G,A,0.0768361,0.254536,0.0461184,82920886,82922886
rs11260962,chr1,18231168,G,T,0.318557,-0.343287,0.0658035,18230168,18232168
rs4600015,chr1,228830164,C,T,0.0541018,-0.701811,0.0426116,228829164,228831164
rs11976293,chr7,134165541,A,G,0.0247931,-0.808363,0.0658728,134164541,134166541
rs62085208,chr18,3869934,C,A,0.162128,0.327387,0.0552653,3868934,3870934
rs75796648,chr2,109594382,C,T,0.0896585,-0.381786,0.0550225,109593382,109595382
rs11691808,chr2,231764946,C,T,0.207358,-0.517104,0.047419,231763946,231765946
rs10877689,chr12,61554703,C,T,1,1.15856,0.0474376,61553703,61555703
rs28446029,chr6,26305573,C,G,0.0846532,0.775901,0.0502986,26304573,26306573
rs11158217,chr14,58809025,G,A,0.5,0.4944,0.0451151,58808025,58810025
rs2549860,chr16,80993537,G,A,0.499999,-0.962478,0.0521557,80992537,80994537
rs16869456,chr6,33746845,G,A,0.0327633,0.41588,0.0761769,33745845,33747845
rs62241548,chr3,37860466,C,T,0.0819261,-0.571772,0.100027,37859466,37861466
rs4288560,chr1,181430639,G,A,0.194016,-0.959023,0.0422145,181429639,181431639
rs2614072,chr8,28308772,T,C,0.0463391,0.531085,0.127499,28307772,28309772
rs2602450,chr16,80993512,A,G,0.499999,-0.962478,0.0521557,80992512,80994512
rs7815644,chr8,9597377,A,G,0.0798072,0.497548,0.0705245,9596377,9598377
rs962987,chr4,188030779,T,A,0.105331,-0.232892,0.0480539,188029779,188031779
rs4142164,chr7,37476667,T,C,0.192863,0.617372,0.0434199,37475667,37477667
rs8141581,chr22,22060806,G,C,0.106706,0.501208,0.0518671,22059806,22061806
rs4258867,chr20,5213136,T,C,0.0151421,0.440777,0.0505866,5212136,5214136
rs4959800,chr6,3295788,A,G,0.0367381,-0.302478,0.0752765,3294788,3296788
rs11072206,chr15,70603374,T,C,0.920544,0.375088,0.0570958,70602374,70604374
rs59751522,chr8,124574685,T,C,0.0525078,-0.255253,0.0526456,124573685,124575685
rs1356003,chr12,100841868,A,G,0.00822811,0.240438,0.0697157,100840868,100842868
rs351739,chr6,109182773,A,G,0.164967,0.269451,0.0472576,109181773,109183773
rs10815313,chr9,5939710,G,A,0.016856,-0.319777,0.0571672,5938710,5940710
rs2156349,chr11,58901092,A,G,0.0575584,0.59738,0.0588995,58900092,58902092
rs12465318,chr2,5954820,G,A,0.0252369,-0.374903,0.0745611,5953820,5955820
rs4858689,chr3,25033475,T,C,0.0322021,0.252742,0.0479347,25032475,25034475
rs1890831,chr6,164396129,G,T,0.143329,0.730192,0.0463983,164395129,164397129
rs2292853,chr17,77099082,G,A,0.999999,-0.437023,0.0586134,77098082,77100082
rs62437115,chr6,158168623,C,G,0.188679,0.352777,0.0462055,158167623,158169623
rs34682429,chr3,159814478,C,T,0.0523028,-0.401793,0.0603041,159813478,159815478
rs3750900,chr10,113780893,C,T,0.0863159,-0.955581,0.0458408,113779893,113781893
rs875877,chr8,27666338,A,C,0.140038,0.826372,0.0742898,27665338,27667338
rs10897487,chr11,64373232,C,T,0.042358,0.456656,0.0476489,64372232,64374232
rs8109429,chr19,53333609,A,G,0.964692,0.305397,0.0491746,53332609,53334609
rs2816224,chr6,1581815,C,T,0.999999,1.15415,0.0868493,1580815,1582815
rs61976981,chr14,54677386,C,T,0.168894,-0.417111,0.0877865,54676386,54678386
rs6874115,chr5,75951383,G,A,0.763967,-0.626553,0.0505429,75950383,75952383
rs6546070,chr2,25308910,A,G,0.116936,0.474153,0.0859533,25307910,25309910
rs8121969,chr20,49813169,A,C,0.00858157,-0.244899,0.0664954,49812169,49814169
rs12459395,chr19,20279680,G,A,0.0470308,-0.582414,0.0654568,20278680,20280680
rs4691956,chr4,164116401,T,C,0.0206301,0.177484,0.0488634,164115401,164117401
rs17123138,chr12,48542507,G,A,0.991544,-0.704925,0.0606719,48541507,48543507
rs1729151,chr8,13362158,G,T,0.246941,0.22008,0.04413,13361158,13363158
rs1046310,chr1,22117394,G,T,0.013143,-0.219982,0.0467945,22116394,22118394
rs13180141,chr5,125812852,T,C,0.213346,-0.553147,0.0499316,125811852,125813852
rs67439968,chr2,1366683,A,C,0.920494,-0.503495,0.0496479,1365683,1367683
rs2719248,chr8,56000968,T,A,0.0239867,-0.263514,0.0555917,55999968,56001968
rs3825265,chr12,96489467,G,C,0.213727,-0.524126,0.0435249,96488467,96490467
rs11746047,chr5,124661615,C,T,1,-0.529073,0.0473658,124660615,124662615
rs1368199,chr3,94862775,C,T,0.0080061,0.235716,0.0503792,94861775,94863775
rs7833969,chr8,3397814,C,T,0.376043,0.338014,0.0481591,3396814,3398814
rs56049812,chr4,76306523,A,C,0.0779198,0.694355,0.0827586,76305523,76307523
rs1398259,chr11,115409775,T,C,1,0.5025,0.0430795,115408775,115410775
rs7013449,chr8,1456913,C,A,0.940056,0.754787,0.0457258,1455913,1457913
rs17761028,chr14,96989502,T,C,0.0328558,-0.471346,0.111174,96988502,96990502
rs73889568,chr3,194148638,A,G,0.399513,-0.509754,0.0465806,194147638,194149638
rs382817,chr5,146618563,A,G,0.0387619,-0.411549,0.0983167,146617563,146619563
rs7140733,chr14,77979367,C,T,0.743737,0.600662,0.0677255,77978367,77980367
rs7679407,chr4,69170810,T,A,0.00108434,-0.268594,0.0574649,69169810,69171810
rs61852434,chr1,246689533,C,T,0.00888091,-0.168113,0.0510474,246688533,246690533
rs10092459,chr8,133117441,C,T,1,1.19436,0.108534,133116441,133118441
rs10755704,chr6,12175950,A,G,0.307895,0.723291,0.0436821,12174950,12176950
rs33226,chr12,30882979,C,T,0.00868704,-0.319225,0.0577938,30881979,30883979
rs1915888,chr1,241235412,C,T,0.0537652,-0.420668,0.047265,241234412,241236412
rs4946305,chr6,117952054,C,A,0.0520601,-0.182631,0.0417032,117951054,117953054
rs78750835,chr20,18567303,C,A,0.997145,0.844322,0.0835706,18566303,18568303
rs1903560,chr4,178553474,T,G,0.0584062,0.268076,0.0630588,178552474,178554474
rs56252928,chr6,98575189,T,C,0.0313724,-0.616284,0.129873,98574189,98576189
rs138964154,chr20,17226923,C,A,0.124355,-0.614515,0.0966546,17225923,17227923
rs4584364,chr1,228830432,A,G,0.0541018,-0.701811,0.0426116,228829432,228831432
rs318977,chr11,131498747,G,T,0.999653,-0.931301,0.0416323,131497747,131499747
rs71627856,chr3,105882771,A,T,0.999979,0.642953,0.0480631,105881771,105883771
rs4909799,chr8,134865872,C,T,0.0176225,-0.437619,0.104105,134864872,134866872
rs2050555,chr1,201708303,G,T,0.0899616,-0.201989,0.0475227,201707303,201709303
rs10497583,chr2,181715305,C,A,0.932584,-0.401796,0.0658311,181714305,181716305
rs9944814,chr18,10010836,G,A,0.101712,-0.229019,0.0538707,10009836,10011836
rs733260,chr6,119148521,C,T,0.0644726,0.206749,0.051103,119147521,119149521
rs1519466,chr9,109098517,C,T,0.108776,0.348902,0.0743365,109097517,109099517
rs4880757,chr10,1034850,G,C,0.033253,-0.16683,0.0475598,1033850,1035850
rs35796399,chr4,13784115,G,A,0.00618793,-0.37172,0.0853187,13783115,13785115
rs3809958,chr18,46757723,A,G,0.0378905,-0.286641,0.0482598,46756723,46758723
rs58290281,chr16,89641375,C,T,0.985745,-0.952944,0.0579771,89640375,89642375
rs6105631,chr20,16574975,G,C,0.461779,-1.22458,0.0564774,16573975,16575975
rs10879042,chr12,69898108,A,G,0.027524,-0.899524,0.0437282,69897108,69899108
rs72696027,chr1,165598383,C,A,0.12249,1.21523,0.0987232,165597383,165599383
rs9383237,chr6,17043017,G,A,0.0167204,-0.183419,0.0509568,17042017,17044017
rs2283590,chr19,940674,A,T,0.0770478,-0.389306,0.075813,939674,941674
rs61858144,chr10,50612769,C,T,0.0467002,-0.317089,0.0512505,50611769,50613769
rs1534988,chr1,11701657,T,C,0.0534214,0.244063,0.0549498,11700657,11702657
rs6989209,chr8,131111367,G,A,0.29934,-0.603317,0.0851584,131110367,131112367
rs13141523,chr4,48787252,A,G,0.383937,-0.278218,0.0490151,48786252,48788252
rs13202734,chr6,68771569,A,G,0.999466,-0.694904,0.0720566,68770569,68772569
rs6547758,chr2,88170344,G,C,0.963728,1.14222,0.0421376,88169344,88171344
rs4797317,chr18,8515660,G,A,0.999994,-0.686652,0.0422908,8514660,8516660
rs62147114,chr2,33442871,G,C,0.999991,0.415663,0.0559192,33441871,33443871
rs192133670,chr1,61742713,G,A,0.247394,0.864623,0.159737,61741713,61743713
rs34589460,chr1,234111548,T,C,0.00450989,-0.209718,0.0688658,234110548,234112548
rs6811666,chr4,67438496,T,C,0.0939484,-1.4913,0.0785192,67437496,67439496
rs78365041,chr17,17042272,T,G,0.511343,0.302897,0.0633692,17041272,17043272
rs2269851,chr4,7761878,T,C,0.582411,0.503224,0.0501477,7760878,7762878
rs11213775,chr11,111200636,G,A,0.758629,0.56644,0.0442034,111199636,111201636
rs13088959,chr3,159814380,T,C,0.0523028,-0.401793,0.0603041,159813380,159815380
rs10234274,chr7,5878673,G,A,0.986545,0.303542,0.0494529,5877673,5879673
rs1391933,chr3,2961667,G,T,0.55177,-0.515419,0.0882401,2960667,2962667
rs2282117,chr21,45469752,G,T,0.2,-0.999307,0.047541,45468752,45470752
rs6736189,chr2,193806345,G,A,0.019568,-0.226061,0.0566905,193805345,193807345
rs2309948,chr4,183960167,C,G,0.188042,-0.264822,0.0479753,183959167,183961167
rs2742946,chr1,23559582,T,C,1,0.361152,0.0456971,23558582,23560582
rs112883733,chr14,23953727,C,G,0.00580158,-0.399396,0.114709,23952727,23954727
rs854990,chr11,49202689,C,T,0.00256232,-0.153686,0.0528656,49201689,49203689
rs55999112,chr17,76598381,A,G,0.090995,-0.351124,0.0688422,76597381,76599381
rs246143,chr16,69424466,T,C,0.0304878,-0.314058,0.0688832,69423466,69425466
rs7534045,chr1,162139607,T,C,0.0243948,-0.379296,0.0503031,162138607,162140607
rs34737210,chr16,58515358,T,C,0.0290767,-0.415548,0.0985979,58514358,58516358
rs10878870,chr12,68781468,A,G,0.224872,-0.438307,0.0501565,68780468,68782468
rs62258927,chr3,66803339,A,G,0.315904,-0.228476,0.0523192,66802339,66804339
rs12355139,chr10,20276836,T,G,0.107321,0.247867,0.0548932,20275836,20277836
rs13202835,chr6,4461016,G,A,0.0633545,-0.393349,0.0837124,4460016,4462016
rs10489769,chr1,46341031,A,G,0.00658178,-0.195284,0.0537135,46340031,46342031
rs12776669,chr10,14559801,C,T,0.0262957,-0.206613,0.0511634,14558801,14560801
rs10784801,chr12,69897821,A,G,0.0364221,-0.90405,0.043914,69896821,69898821
rs2737248,chr8,115648232,A,G,0.00642956,0.255952,0.08659,115647232,115649232
rs1922892,chr7,147879319,C,T,0.0168177,-0.403372,0.0920412,147878319,147880319
rs11222779,chr11,131762804,C,G,0.0822366,-0.356459,0.0544124,131761804,131763804
rs3846119,chr3,13463680,C,T,0.0750536,-0.829691,0.0924904,13462680,13464680
rs3774546,chr3,53710300,C,G,0.732049,0.314236,0.0563284,53709300,53711300
rs6986372,chr8,53714175,C,T,0.0404183,0.315022,0.0774992,53713175,53715175
rs3796375,chr3,45967298,G,A,0.00703287,-0.241431,0.0477289,45966298,45968298
rs7069578,chr10,82420131,G,A,0.0683411,-0.476161,0.117938,82419131,82421131
rs9994946,chr4,14880929,G,C,0.999134,-0.606773,0.0667613,14879929,14881929
rs5999550,chr22,21796997,C,G,0.0158712,-0.222589,0.0475197,21795997,21797997
rs72740420,chr9,73689364,C,T,0.0261849,-0.30031,0.0805835,73688364,73690364
rs2424666,chr20,24754644,C,T,0.0746276,0.29652,0.048961,24753644,24755644
rs73038529,chr19,43951110,G,C,0.0391503,-0.369729,0.0791269,43950110,43952110
rs9557529,chr13,100842341,G,T,0.992449,0.617909,0.0619252,100841341,100843341
rs13026530,chr2,31066723,G,A,1,-0.800062,0.0442729,31065723,31067723
rs5011208,chr2,78999459,A,G,0.0853169,-0.300638,0.0607053,78998459,79000459
rs12496810,chr3,65422237,T,C,0.0273362,0.277122,0.0617997,65421237,65423237
rs188192566,chr2,113503129,G,C,0.158748,-0.711554,0.149748,113502129,113504129
rs264502,chr12,129676539,G,A,0.999984,0.314396,0.047609,129675539,129677539
rs74072139,chr14,87158445,C,G,0.646436,-0.571116,0.0841883,87157445,87159445
rs11114983,chr12,81702233,A,G,0.320685,0.426611,0.058997,81701233,81703233
rs10131275,chr14,95113655,A,G,0.0206914,0.19522,0.0425846,95112655,95114655
rs4741843,chr9,3719410,A,G,0.38334,-0.792088,0.0704463,3718410,3720410
rs10090775,chr8,54872380,G,A,0.0745161,0.30063,0.0488285,54871380,54873380
rs72765820,chr1,244155425,G,C,1,-0.44053,0.050075,244154425,244156425
rs7164794,chr15,38231412,C,T,0.0438543,0.413963,0.0523887,38230412,38232412
rs3782374,chr12,70558017,C,T,0.0395579,-0.666621,0.0597325,70557017,70559017
rs34575371,chr8,41146648,C,T,0.0138677,-0.258344,0.0717428,41145648,41147648
rs11237077,chr11,77073399,C,T,0.124046,-0.533421,0.0726243,77072399,77074399
rs11667028,chr19,7436730,A,G,0.0294841,-0.449057,0.045432,7435730,7437730
rs1657416,chr18,56982855,T,C,0.5,0.808661,0.0846209,56981855,56983855
rs12926407,chr16,12557929,G,A,0.0138593,-0.54493,0.0612211,12556929,12558929
rs40119,chr5,39283651,G,A,0.0678099,0.194757,0.0503932,39282651,39284651
rs34989931,chr2,59770790,T,C,0.299868,0.567667,0.0876097,59769790,59771790
rs13379346,chr14,21902789,A,G,0.0471548,-0.846123,0.0383593,21901789,21903789
rs9523547,chr13,92247046,C,T,0.401577,-0.663345,0.0473255,92246046,92248046
rs35821663,chr1,119614165,G,T,0.104878,-0.315119,0.0754824,119613165,119615165
rs1904545,chr12,67661419,G,A,0.0356242,-0.233427,0.0441895,67660419,67662419
rs870421,chr17,49471574,A,G,0.1904,-0.345628,0.0469573,49470574,49472574
rs10999896,chr10,71581464,T,C,0.953707,-1.08803,0.0622029,71580464,71582464
rs9364977,chr6,158584435,A,T,0.567342,-0.648579,0.04632,158583435,158585435
rs1884265,chr20,25116153,A,C,0.0612756,0.361947,0.0574384,25115153,25117153
rs2021889,chr6,32255245,C,T,0.0824746,-0.265323,0.0579321,32254245,32256245
rs1405548,chr12,41231005,C,T,0.0358029,0.298906,0.0456586,41230005,41232005
rs61900294,chr11,110883418,A,G,0.0780767,-0.250718,0.0513352,110882418,110884418
rs2662181,chr5,175470881,C,T,0.0407809,-0.592362,0.0463823,175469881,175471881
rs73336891,chr7,37832308,G,A,0.120582,-0.635276,0.0575229,37831308,37833308
rs2173579,chr8,74175812,G,C,0.120989,-1.0601,0.0756889,74174812,74176812
rs9394707,chr6,40632016,C,G,0.0165935,-0.561005,0.0654734,40631016,40633016
rs4904749,chr14,91125862,A,G,0.115069,0.587395,0.11494,91124862,91126862
rs36061398,chr3,42740222,T,C,0.0457777,-0.272819,0.0666381,42739222,42741222
rs2127733,chr8,108480341,A,G,0.0113188,0.180117,0.0516162,108479341,108481341
rs911763,chr9,8133859,T,G,0.0962423,-0.495082,0.0896243,8132859,8134859
rs7018054,chr8,13559172,G,T,0.459392,-0.303576,0.0534544,13558172,13560172
rs10887642,chr10,86674004,C,A,0.0608622,-0.230408,0.0468141,86673004,86675004
rs62221615,chr21,31866377,G,T,0.235239,-0.404557,0.073064,31865377,31867377
rs12154,chr1,28236165,A,G,0.0141117,-0.244231,0.0476028,28235165,28237165
rs4239312,chr18,13639313,T,C,0.377235,0.2122,0.0409644,13638313,13640313
